msg_id,day,group,text
83,2025-01-23,anime-2,@ xd！
201,2025-02-17,anime-2,还好，不算很抽象
328,2025-03-26,anime-2,我还在等七月份的vbv，乐
483,2025-04-21,anime-2,原来有毒气体
559,2025-05-02,anime-2,六代画风是真好
628,2025-05-09,anime-2,结果
779,2025-05-20,anime-2,休息好了的霓克斯
892,2025-05-29,anime-2,那一天的犹豫
1095,2025-06-25,anime-2,@ bro来个识别码
1245,2025-07-14,anime-2,这个群除了大便和淫魔还有别的东西吗
1264,2025-07-15,anime-2,一到拉枪的时候就卡一下
1355,2025-07-25,anime-2,我喜欢你
1437,2025-08-16,anime-2,雨姐本体都要脱困了
1604,2025-09-05,anime-2,难绷
1642,2025-09-10,anime-2,@ 圣杯说是
1675,2025-09-14,anime-2,@ 略略略
1699,2025-09-17,anime-2,拿到漫游者和快速凝聚我就登峰造极了（）
1892,2025-10-09,anime-2,这翅膀确实还行
1989,2025-10-21,anime-2,不扎嘴？
2001,2025-10-23,anime-2,@ 我的红都是暗金
2006,2025-10-23,anime-2,猫战自己还蒸蒸日上
2007,2025-10-23,anime-2,直接说是就完事了
2013,2025-10-23,anime-2,【来看世界顶级魔术师的表演，这是魔术还是幻术】 [链接]
2082,2025-11-04,anime-2,你要体验吗
2306,2025-12-14,anime-2,我觉得你色就行了
2411,2025-12-30,anime-2,@ 薯条怎么说
2525,2026-01-13,anime-2,看着都恶心那个堆料
2627,2026-01-29,anime-2,你们啥时候结婚
2741,2026-03-06,anime-2,我说麦门巅峰只有脆薯饼大帝
2826,2026-03-16,anime-2,后半夜右眼熬夜左眼睡觉
2856,2026-03-20,anime-2,鬼抽一次掉半血
2974,2026-04-04,anime-2,@ 目标下一回合被瓦库接管(消耗)
3046,2026-04-13,anime-2,那很恶毒了
3084,2026-04-18,anime-2,小头要讲故事了
3138,2026-04-28,anime-2,@ 白丝
3146,2026-04-29,anime-2,可以
3156,2026-05-02,anime-2,@ 好看爱看
3377,2026-05-21,anime-3,但是我一般都不做满
3458,2026-05-22,anime-3,我的
3466,2026-05-22,anime-1,[图片:]
3517,2026-05-22,anime-3,[图片:]
3553,2026-05-23,anime-1,[表情:371]
3570,2026-05-23,anime-1,[图片:]
3655,2026-05-24,anime-3,[图片:]
3713,2026-05-24,anime-1,[图片:]
3815,2026-05-25,anime-1,回回都史低
3885,2026-05-25,anime-1,[图片:]
4074,2026-05-27,anime-3,我的课题组一个月还给我们发1600的“工资”，已经很有钱了
4081,2026-05-27,anime-3,家就买在研究所门口对面
4082,2026-05-27,anime-3,你怎么比
4130,2026-05-27,anime-3,我们都得死
4140,2026-05-27,anime-3,车间到污水处理系统你得有管道吧
4167,2026-05-27,anime-1,@ 大猪咪
4218,2026-05-28,anime-3,人体派没落最大原因主要是大师灵感凋零了
4258,2026-05-28,anime-1,怀念
4387,2026-05-29,anime-1,彳亍
4661,2026-06-01,anime-1,[图片:]
4717,2026-06-02,anime-1,[图片:]
4803,2026-06-02,anime-3,肾虚 @ 灵酱
4926,2026-06-03,anime-1,小炸不用跑，大炸跑不了
4962,2026-06-03,anime-3,还有那些菜农
5029,2026-06-03,anime-1,支持
5050,2026-06-03,anime-1,这得花很多电先生
5067,2026-06-04,anime-1,大家晚安！
5264,2026-06-06,anime-1,好饿好饿好饿
5431,2026-06-08,anime-1,[图片:]
5467,2026-06-08,anime-1,生日快乐
5774,2026-06-10,anime-1,"[JSON:{""app"":""com.tencent.tuwen.lua"",""bizsrc"":""qqconnect.sdkshare"",""config"":{""ctime"":[数字],""forward"":1,""token"":""7c37b8110a7422ef8d1be6eab3cec65a"",""type"":""normal""},""extra"":{""app_type"":1,""appid"":[数字],""msg_seq"":7649787305656183805,""uin"":[数字]},""meta"":{""news"":{""app_type"":1,""appid"":[数字],""ctime"":[数字],""desc"":""下载小黑盒查看更多精彩内容"",""jumpUrl"":""[链接] 第四百二十四期"",""uin"":[数字]}},""prompt"":""[分享]庭院酒馆合刊 第四百二十四期"",""ver"":""0.0.0.1"",""view"":""news""}]"
5828,2026-06-11,anime-1,[合并转发]
5959,2026-06-12,anime-1,古德猫宁米娜桑～
6089,2026-06-13,anime-1,@ 我喜欢你🥰
6096,2026-06-13,anime-2,你是猪特别
6116,2026-06-13,anime-1,转行了
6123,2026-06-13,anime-1,大部分都是聊天形式的那种
6153,2026-06-14,anime-1,[图片:]
6154,2026-06-14,anime-3,@ 夜袭喵
6357,2026-06-16,anime-1,[图片:]
6544,2026-06-17,anime-3,[图片:]
6587,2026-06-18,anime-3,[合并转发]
6754,2026-06-20,anime-1,压根就没人理我
6800,2026-06-20,anime-1,就光丢包之争
7096,2026-06-23,anime-1,你也要玩捆绑吗
7194,2026-06-24,anime-3,舒服了
7197,2026-06-24,anime-3,X
7273,2026-06-25,anime-1,[图片:]
7317,2026-06-25,anime-1,护理能过万的活我削尖脑袋也得去
7369,2026-06-25,anime-1,[图片:]
7649,2026-06-27,anime-3,[图片:]
7750,2026-06-29,anime-1,我室友亲弟弟就在那边
7948,2026-06-30,anime-3,炎拳虫虽然吃不到六协词条
8166,2026-07-02,anime-1,[图片:]
8487,2026-07-05,anime-1,杀伤性灯具
8531,2026-07-05,anime-3,能凑够4个叫我也行
8557,2026-07-06,anime-1,高三了开学
8635,2026-07-06,anime-3,三个就够了
8786,2026-07-07,anime-3,不合适
8790,2026-07-07,anime-1,[图片:]
8911,2026-07-09,anime-1,早
8955,2026-07-09,anime-3,天气越来越热了
9021,2026-07-10,anime-1,[图片:]
9374,2026-07-14,anime-1,早
9375,2026-07-14,anime-3,早
9705,2026-07-18,anime-1,闻闻你的
9733,2026-07-18,anime-1,除非私房
9799,2026-07-19,anime-3,[图片:] [图片:]
9828,2026-07-20,anime-1,被南通吓哭
10077,2026-07-23,anime-1,[图片:]
10094,2026-07-24,anime-1,都是猪咪
10244,2026-07-25,anime-3,@
10471,2026-07-27,anime-1,合约之类的
10486,2026-07-28,anime-1,怎么还有窝批
10727,2026-07-30,anime-1,[合并转发]
10761,2026-07-31,anime-3,@ 猪
10820,2026-07-31,anime-1,老资历我好崇拜你
10856,2026-08-01,anime-3,结果7个sb0雨姐
11064,2026-08-04,anime-1,今天大家也很可爱喵
11130,2026-08-05,anime-3,[图片:]
11142,2026-08-05,anime-3,现在应该满月了
11319,2026-08-07,anime-3,[图片:]
11324,2026-08-07,anime-3,那个车从哪能打穿
11371,2026-08-08,anime-3,[图片:]
11735,2026-08-13,anime-1,参与过
11848,2026-08-14,anime-3,[图片:]
12061,2026-08-19,anime-2,@ 偷吃妙脆角
12121,2026-08-19,anime-1,华夫饼不甜还能吃到点鸡蛋的味道
12202,2026-08-20,anime-2,你这头猪什么时候会说人话了
12317,2026-08-21,anime-1,[图片:]
12326,2026-08-21,anime-4,萝莉，很好吃
12345,2026-08-21,anime-4,你只是被腐化了
12352,2026-08-21,anime-1,今天大家也很可爱喵
12576,2026-08-22,anime-3,五层想赚也简单
12636,2026-08-22,anime-3,可以选合适的饮料瓶了
12677,2026-08-22,anime-3,炫耀芽芽来了
12752,2026-08-23,anime-1,破绷了
12816,2026-08-23,anime-3,不过有钱老美也不错
12909,2026-08-24,anime-4,@ mj
13039,2026-08-25,anime-4,其他的到别的游戏就是路边一条
13221,2026-08-26,anime-3,[图片:]
13260,2026-08-26,anime-1,6
13393,2026-08-27,anime-4,狂宴了
13597,2026-08-28,anime-3,[图片:]
13615,2026-08-29,anime-4,[图片:]
13919,2026-08-30,anime-4,[图片:]
13930,2026-08-30,anime-3,[图片:]
14018,2026-08-31,anime-4,[图片:]
14169,2026-08-31,otome-3,[图片:]
14222,2026-09-01,otome-3,@ 还行吧
14224,2026-09-01,otome-3,反正我能吃到小陆的父母爱情挺满意的
14379,2026-09-01,otome-1,新开业大吉！来个新史低！
14519,2026-09-01,otome-1,[图片:]
14551,2026-09-01,otome-2,[图片:]
14559,2026-09-01,otome-2,五年计划启动
14709,2026-09-01,anime-1,我没羡慕过没工作的
14851,2026-09-02,anime-3,唯一一个社区不捂嘴还帮你骂的
14950,2026-09-02,otome-1,好滴
14989,2026-09-02,otome-1,爱信等茉莉花限定
15019,2026-09-02,anime-4,炼金卡在六级了
15157,2026-09-02,otome-1,没绷住
15502,2026-09-02,otome-1,我去
15567,2026-09-02,otome-1,pdd终于要原谅我们了
15692,2026-09-02,otome-1,不过快没货了泡沫
15760,2026-09-02,otome-1,对
15786,2026-09-02,otome-1,[图片:]
15953,2026-09-02,otome-3,[图片:]
16218,2026-09-02,otome-1,[图片:]
16253,2026-09-02,otome-1,@ 是滴是滴
16323,2026-09-02,otome-1,要是换个人感觉至少不会是这个热度
16328,2026-09-02,otome-1,他就是被配音和眼罩害了
16431,2026-09-02,otome-1,我听到小魔女声线我搜了好几遍CV表确定是他吓我一跳
16504,2026-09-02,otome-1,逛了逛感觉没啥想买的
16564,2026-09-02,otome-3,首先找个棍子
16603,2026-09-02,otome-1,那个瑕疵其实没人圈出来我都没看到
16740,2026-09-02,otome-1,到底在干嘛
16792,2026-09-02,otome-1,[图]
16846,2026-09-02,otome-1,海外感觉都填转运仓
17114,2026-09-03,otome-1,通用红包是不是就九折左右
17331,2026-09-03,otome-1,不得不思考买哪本了
17444,2026-09-03,otome-1,@ 无门槛可以拿来薅羊毛
17538,2026-09-03,anime-1,[图片:]
17616,2026-09-03,otome-1,@ 何意味
17637,2026-09-03,otome-1,魔鬼恋人三本1080包邮包手续费这个价格怎么样
17726,2026-09-03,otome-1,我觉得修是真的帅
17886,2026-09-03,otome-1,[图片:]
17924,2026-09-03,otome-1,团长不打dlc错亿
17974,2026-09-03,otome-1,本篇打了半个多月
17998,2026-09-03,otome-1,我打了33小时
18087,2026-09-03,otome-1,[图片:]
18555,2026-09-03,otome-1,笑死我
18662,2026-09-03,otome-1,能不能明天突然发货吓我一跳
18812,2026-09-03,otome-1,霓虹我打算退了
18847,2026-09-03,anime-1,早喵～
18863,2026-09-03,otome-1,好像还删了
18895,2026-09-03,otome-1,其实悠久我也有点像要限定，但是没钱了
18971,2026-09-03,otome-1,吗
18982,2026-09-03,otome-1,丘比特fd好贵啊
19149,2026-09-03,otome-1,[数字]
19213,2026-09-03,otome-1,[数字]
19240,2026-09-03,otome-1,pdd啥时候原谅福袋券
19380,2026-09-03,otome-1,2020舞起来！
19473,2026-09-03,otome-3,看开水壶的视频说是专门补卡的，但是抽不出来也没有继承
19570,2026-09-03,otome-3,9494
19622,2026-09-03,otome-3,那个399
19722,2026-09-03,anime-4,[图片:]
19808,2026-09-03,anime-4,@ 要买一套吗
19956,2026-09-03,otome-1,[数字]
19991,2026-09-03,otome-1,[数字]
20095,2026-09-03,otome-1,这个白雪实在是可爱
20397,2026-09-04,anime-4,[图片:]
20407,2026-09-04,otome-1,[数字]
20432,2026-09-04,otome-3,[图片:]
20464,2026-09-04,otome-1,[数字]
20984,2026-09-04,otome-3,[图片:]
21135,2026-09-04,otome-3,🙏🙏🙏🙏🙏🙏🙏🙏🙏
21206,2026-09-04,otome-3,[表情:482]
21218,2026-09-04,otome-1,有强迫症
21292,2026-09-04,otome-1,百合花的分叉表情一定很可爱
21430,2026-09-04,otome-1,感觉今天还好抢
21714,2026-09-04,anime-4,@ 我就是考前复习两小时过的高数
21762,2026-09-04,otome-1,谁懂我的笑点
21785,2026-09-04,otome-1,不当用语还专门写成注意事项
21904,2026-09-04,otome-1,夺少？
21944,2026-09-04,otome-1,嘿嘿伊吕波
22009,2026-09-04,otome-2,加油
22017,2026-09-04,otome-2,我记得修改手机号是把你名下所有网易游戏的手机号都改成新的
22031,2026-09-04,otome-2,我是官服修改来着
22258,2026-09-04,otome-1,我出乙游一直套的
22448,2026-09-04,otome-1,包了一大半，还有一些就会懒得包了……
22613,2026-09-04,otome-1,我也
22695,2026-09-04,otome-3,崩三把水晶抽常驻然后出了个姬子后就不玩了
22814,2026-09-04,otome-3,就很奇怪
22887,2026-09-04,otome-3,@ 哦哦等一下我下一个
22914,2026-09-04,otome-3,[表情:312]
22917,2026-09-04,otome-1,[图片:]
22976,2026-09-04,otome-1,买过了也觉得没买过
23037,2026-09-04,anime-4,清蒸
23047,2026-09-04,otome-1,这个↑
23142,2026-09-04,otome-1,让我尝尝咸淡
23343,2026-09-04,otome-1,不然
23435,2026-09-04,otome-1,我狙的芹菜
23504,2026-09-04,otome-1,你说的我好期待哦吼吼吼
23519,2026-09-04,otome-1,@ 9.24
23681,2026-09-04,otome-1,聊着seri让我想起了这个谷美
23705,2026-09-04,otome-2,@ 绿绿的，好萌
23865,2026-09-04,otome-1,反正我觉得两边都很一般（）
23874,2026-09-04,otome-1,[图片:]
23908,2026-09-04,otome-1,不是我们猜的
23958,2026-09-04,otome-1,220绝对不可能
24072,2026-09-04,otome-1,[图片:]
24172,2026-09-04,otome-1,给我个链接
24467,2026-09-04,otome-1,258全新
24649,2026-09-04,otome-1,好一朵不染凡尘的白莲花
24715,2026-09-04,otome-1,@ 对啊
24751,2026-09-04,otome-1,哪怕她补20，卖家也亏了，不如直接235卖给别人
24992,2026-09-04,otome-1,丘比特几年了还是没打完可以吗()
25042,2026-09-04,otome-1,今天打完左边这条线了
25307,2026-09-04,otome-1,我去…
25327,2026-09-04,otome-1,其实还好
25352,2026-09-04,otome-1,hlbs我能不能自己来青衣拿
25448,2026-09-04,otome-1,不用十分钟！
25531,2026-09-04,otome-1,我打的時候第一次意識到紅華是減田俊草
25580,2026-09-04,otome-1,最近听说有2k8的？
25588,2026-09-04,otome-1,囤货了
25666,2026-09-04,otome-1,@ 嗯那个
25785,2026-09-04,otome-1,。。
25935,2026-09-05,otome-1,[数字]
25984,2026-09-05,otome-1,[数字]
26029,2026-09-05,otome-1,[数字]
26230,2026-09-05,otome-1,百子得不到它的青睐
26460,2026-09-05,otome-1,这种好像特别贵，快闪店或者搞活动才做几个
26660,2026-09-05,otome-3,你有这个感觉，是因为你手机的使用频率是远远大于平板的，且软件安装率手机也是远高于平板的
26877,2026-09-05,anime-4,[图片:]
26926,2026-09-05,otome-3,热的
26960,2026-09-05,otome-1,我求你了
27112,2026-09-05,otome-1,至今没事
27135,2026-09-05,otome-1,我还以为是pdd的
27346,2026-09-05,otome-1,等我看看！
27434,2026-09-05,otome-1,而且Sakura每次都抱个猫发火
27496,2026-09-05,otome-1,现实让我吸二手烟直接一个大脖溜
27646,2026-09-05,otome-3,[图片:]
27683,2026-09-05,otome-3,我最后悔的事就是买叶罗丽的啦
27702,2026-09-05,otome-1,@ 我想一想别的游戏还有啥喜欢的
27751,2026-09-05,otome-3,@ 这个官的最高上了五百多
27770,2026-09-05,otome-1,认真烧烤了一下
27800,2026-09-06,otome-1,[数字]
27882,2026-09-06,otome-1,OK
27928,2026-09-06,otome-1,@ 只露出眼睛特别萌
28040,2026-09-06,anime-4,果然打到游戏不知天昏地暗了
28090,2026-09-06,otome-1,我懂了，后面有一个必定进be的选项，如果前面就一堆错的，那么这个就直接不给选了
28211,2026-09-06,otome-1,偶不…
28213,2026-09-06,otome-1,不会吧，我之前的lite也是，一年都没充过电
28624,2026-09-06,otome-1,有人说自己今天被ban了，昨天没被ban
28718,2026-09-06,otome-1,玻璃鞋我也是看画风和花江夏树当的孝子
29001,2026-09-06,otome-1,说起来趁人多有没有宝宝出我两百的安琪莉可玩（）
29050,2026-09-06,otome-1,我拆了发现坏了就默默放那了。。
29098,2026-09-06,otome-1,新加的线
29123,2026-09-06,otome-1,但是很爱
29456,2026-09-06,otome-1,大对爱剧本太强了
29471,2026-09-06,anime-4,怎么做到的？教教我
29607,2026-09-06,otome-1,而且他读档好慢 黑屏半天
29617,2026-09-06,otome-1,[图片:]
