U001,user,0c410b4a
U002,user,c14d4d59
U003,user,dd859d8d
U004,user,61d0774a
U005,user,18431ac6
U006,user,03ba2c14
U007,user,57fef426
U008,user,da2efc01
U009,user,5725d4e9
U010,user,79153ad1
U011,user,e8fd2c0c
U012,user,2ca7c3e2
U013,user,e246ab52
U014,user,e0348ae5
U015,user,c338cebe
U016,user,f5813f6e
U017,user,2932e20b
U018,user,edda4af8
U019,user,bb2ccfd8
U020,user,0cac5c57
U021,user,162b9d95
U022,user,8daec03a
U023,user,12cf5f0b
U024,user,c01c7df3
U025,user,5d37ac7c
U026,user,77e05408
U027,user,8073c31e
U028,user,5b6753a1
U029,user,37467104
U030,user,a9548070
U031,user,1b9739eb
U032,user,7aa9df1c
U033,user,f1ce946b
U034,user,afb00355
U035,user,2d8308fe
U036,user,82bf7803
U037,user,efab3b9f
U038,user,7209c714
U039,user,9a6deb74
U040,user,1195990c
U041,user,2e4f933c
U042,user,cd0c0ba8
U043,user,1587f60f
U044,user,5edbd901
U045,user,bc4b3522
U046,user,64a54e6f
U047,user,abd2bcc0
U048,user,4f04f6b6
U049,user,06fcebbe
U050,user,efa60674
U051,user,747f5ee3
U052,user,7170a29b
U053,user,19a3600f
U054,user,7c43763a
U055,user,02491daf
U056,user,57b984a8
U057,user,ef2d5e21
U058,user,fa0f9ebd
U059,user,ca4d8372
U060,user,9ad5825e
U061,user,647cb90d
U062,user,a5ee9c4d
U063,user,35e865c2
U064,user,30280a75
U065,user,4de62b85
U066,user,96b666d6
U067,user,eb76c007
U068,user,2bd42785
U069,user,629aeecc
U070,user,48fd98df
U071,user,9d56801d
U072,user,9bceb65b
U073,user,e11806aa
U074,user,01df28d3
U075,user,fd28dc94
U076,user,82d129b9
U077,user,4ee910ae
U078,user,53547895
U079,user,64c95d96
U080,user,4bc30a3c
U081,user,149c3dbd
U082,user,59cd181a
U083,user,5da590d5
U084,user,aba97955
U085,user,6c6fd510
U086,user,8302f31d
U087,user,48f56787
U088,user,4b08c415
U089,user,d481d95c
U090,user,8fb97ce0
U091,user,77f58f22
U092,user,51e4a36f
U093,user,93258f06
U094,user,770cdf0e
U095,user,af41de1e
U096,user,6d5f195a
U097,user,a0145976
U098,user,fc12826f
U099,user,32b1b46f
U100,user,8185bead
U1000,user,88a8e195
U1001,user,3a332b1d
U1002,user,f49d75a0
U1003,user,3cfa69cf
U1004,user,ff1e6a46
U1005,user,a0d8e8c2
U1006,user,88f45be1
U1007,user,3fff0244
U1008,user,51317107
U1009,user,60ff9a16
U101,user,889511c6
U1010,user,65f8f98a
U1011,user,4df66eef
U1012,user,a0b3b324
U1013,user,d5ff2627
U1014,user,c6ba26c9
U1015,user,ebec921c
U1016,user,cba3fa14
U1017,user,3d71feec
U1018,user,af5d7612
U1019,user,edd8baa2
U102,user,b751d48a
U1020,user,ae90faca
U1021,user,9e12269c
U1022,user,48f2b44a
U1023,user,5d6f110d
U1024,user,0f4b8662
U1025,user,82e1f3e6
U1026,user,4da0b762
U1027,user,af7946d9
U1028,user,c8160567
U1029,user,9108825b
U103,user,f43b1321
U1030,user,6a3a3c25
U1031,user,60dd863d
U1032,user,23a50e61
U1033,user,baae178c
U1034,user,0d078c02
U1035,user,a5405307
U1036,user,9ed285aa
U1037,user,079d2737
U1038,user,97de48ee
U1039,user,8f222bb9
U104,user,3176e6de
U1040,user,176535de
U1041,user,ddde4eb5
U1042,user,d28f6074
U1043,user,5ce2fc8f
U1044,user,b93e8535
U1045,user,69484a9f
U1046,user,e088f156
U1047,user,ae559c48
U1048,user,b5543a2f
U1049,user,61d25f5f
U105,user,6314809a
U1050,user,d152e1ac
U1051,user,e2ab53ba
U1052,user,e7f887fb
U1053,user,6245950b
U1054,user,6ebbf9d8
U1055,user,492d9a31
U1056,user,3f7bfc70
U1057,user,995d5418
U1058,user,18f730a7
U1059,user,25ac7e36
U106,user,949b37ef
U1060,user,359aa7b3
U1061,user,a536c0cf
U1062,user,64341924
U1063,user,898cee55
U1064,user,b5e5046f
U1065,user,ebc7c7f4
U1066,user,66f38e83
U1067,user,d436752a
U1068,user,4f889750
U1069,user,31cd0597
U107,user,c4550843
U1070,user,f6cfa7db
U1071,user,89caa2ec
U1072,user,052c7fd6
U1073,user,aa4d1b56
U1074,user,260068ef
U1075,user,327de799
U1076,user,ed42eacb
U1077,user,fa5e463e
U1078,user,0625dca9
U1079,user,d3786480
U108,user,f3249ed9
U1080,user,80d3cb53
U1081,user,b059f319
U1082,user,b27b8b49
U1083,user,8a9528c2
U1084,user,db6558d2
U1085,user,f813cc9d
U1086,user,2a1c5e56
U1087,user,bff09ae9
U1088,user,9e412aa0
U1089,user,8684d98d
U109,user,b72b2aff
U1090,user,6b824d78
U1091,user,27ad1f5b
U1092,user,9d22409f
U1093,user,2d5b2964
U1094,user,d522b420
U1095,user,db838427
U1096,user,8b3e01d1
U1097,user,cd6b9725
U1098,user,1954678f
U1099,user,f2db878b
U110,user,4cf249f3
U1100,user,a8f27ccb
U1101,user,cb7c01f6
U1102,user,01de0042
U1103,user,0895bec9
U1104,user,1b5a6a29
U1105,user,aae94e72
U1106,user,daaac407
U1107,user,5016844e
U1108,user,b92c31c7
U1109,user,d114bb66
U111,user,4058362a
U1110,user,7dbd4bde
U1111,user,e82d727b
U1112,user,456b1caf
U1113,user,457c6453
U1114,user,97aed772
U1115,user,6b5112d7
U1116,user,04928207
U1117,user,cebd23b5
U1118,user,561dc6cf
U1119,user,9644eac8
U112,user,66e5a7d1
U1120,user,7d58c07d
U1121,user,64e62e3e
U1122,user,45df7b24
U1123,user,9503bf89
U1124,user,1a1728c5
U1125,user,91a487ca
U1126,user,86fc799f
U1127,user,f423da64
U1128,user,e142e3d9
U1129,user,057c4b6a
U113,user,0cea06e7
U1130,user,55d4293e
U1131,user,ae084837
U1132,user,3cbf720a
U1133,user,000a79b3
U1134,user,26557c29
U1135,user,05eae922
U1136,user,37e866ef
U1137,user,cfe839f4
U1138,user,8cfc5678
U1139,user,7c848f8d
U114,user,4961a9aa
U1140,user,9ae070d3
U1141,user,99e18814
U1142,user,d810670f
U1143,user,add64fc7
U1144,user,f70aa901
U1145,user,14bddb31
U1146,user,537c5830
U1147,user,bbbc9ad7
U1148,user,fb8ac580
U1149,user,9e602444
U115,user,37b414c4
U1150,user,d369e24b
U1151,user,23617b7c
U1152,user,ffded730
U1153,user,7c3a95d8
U1154,user,01712dce
U1155,user,b810b058
U1156,user,15c4a2cf
U1157,user,a32717b9
U1158,user,cdf2a84c
U1159,user,0fb90252
U116,user,eadebbfb
U1160,user,6fd5bdce
U1161,user,5bfeafe4
U1162,user,0f6fff68
U1163,user,b5199a4e
U1164,user,f18c7a30
U1165,user,9a10cc73
U1166,user,1e604c59
U1167,user,64f4ed3f
U1168,user,c06d360b
U1169,user,c9742e0a
U117,user,75c4c40e
U1170,user,09366539
U1171,user,45262b5e
U1172,user,d3a35a6a
U1173,user,dc838bbb
U1174,user,fbae6227
U1175,user,9c3bc17d
U1176,user,6998f592
U1177,user,2ca5fbc4
U1178,user,bb366b5f
U1179,user,4e7c08ff
U118,user,52ebaab7
U1180,user,0824168d
U1181,user,40745c7f
U1182,user,a1fe2bdb
U1183,user,f305750d
U1184,user,6fbce824
U1185,user,30cba21c
U1186,user,2d1e236f
U1187,user,72ab3312
U1188,user,91814d8c
U1189,user,ebe04648
U119,user,f14a626f
U1190,user,c3b9eeb4
U1191,user,e5da848d
U1192,user,ffad1bed
U1193,user,eb9fb48d
U1194,user,6431f394
U1195,user,9fd165d8
U1196,user,545b34ef
U1197,user,488c8b5d
U1198,user,d2b16b68
U1199,user,1a83eae5
U120,user,f107f603
U1200,user,a3db3fb7
U1201,user,df1e763d
U1202,user,7b41515f
U1203,user,7b5aa3b7
U1204,user,19ee006e
U1205,user,df3cf9f3
U1206,user,6b34797d
U1207,user,54c8330e
U1208,user,d32154f4
U1209,user,74670703
U121,user,f342460b
U1210,user,f6b67bdc
U1211,user,caed9695
U1212,user,89e2db55
U1213,user,33374e6e
U1214,user,decd1968
U1215,user,7d5485f6
U1216,user,5644c669
U1217,user,00aa6fbc
U1218,user,b4170d26
U1219,user,237fe85f
U122,user,b5b5f0b0
U1220,user,34c21b15
U1221,user,f99fd8a7
U1222,user,adeeaf1a
U1223,user,8d5b6fe6
U1224,user,fdf1bfde
U1225,user,1707eb98
U1226,user,d7700159
U1227,user,dcf0d0b9
U1228,user,28be3282
U1229,user,3ec793f6
U123,user,a19cda21
U1230,user,b9c2e658
U1231,user,84bc3f8d
U1232,user,2286df3b
U1233,user,06ec89ac
U1234,user,ac49cd66
U1235,user,aae3b74d
U1236,user,351b7110
U1237,user,e430ea3a
U1238,user,d490011b
U1239,user,1aff07c0
U124,user,60b92595
U1240,user,b1b62979
U1241,user,ca2227dd
U1242,user,49feb57a
U1243,user,58576543
U1244,user,b3b0b89a
U1245,user,5073f0cc
U1246,user,a65d0428
U1247,user,e51d6275
U1248,user,3101ca08
U1249,user,8cd94511
U125,user,e3adbf0b
U1250,user,a9188f57
U1251,user,41f96722
U1252,user,6052397d
U1253,user,37ab88d3
U1254,user,01470865
U1255,user,04665f18
U1256,user,99eacfb7
U1257,user,84d635d8
U1258,user,6009bdab
U1259,user,98a92593
U126,user,235d84f2
U1260,user,28d0c4d2
U1261,user,854b96c7
U1262,user,cd16abd8
U1263,user,a28bb405
U1264,user,d7b84550
U1265,user,bd9466de
U1266,user,5e9d4614
U1267,user,206aa6b8
U1268,user,0bc3a57e
U1269,user,afd29a93
U127,user,04596bfc
U1270,user,d50eaf76
U1271,user,9af6f3ee
U1272,user,5b1abc46
U1273,user,29b40c8e
U1274,user,4d5453b8
U1275,user,5f0a97ba
U1276,user,ea6e883c
U1277,user,0207e21d
U1278,user,35e9c80b
U1279,user,8ea9464e
U128,user,51d495eb
U1280,user,7d60282b
U1281,user,57d6a41c
U1282,user,55b950d3
U1283,user,406e7d9d
U1284,user,824eb70a
U1285,user,2d47cb5c
U1286,user,6f977ff5
U1287,user,37a9c260
U1288,user,fe790265
U1289,user,abda465a
U129,user,ad24c12c
U1290,user,382e950d
U1291,user,817452c9
U1292,user,b22a762e
U1293,user,c02dba62
U1294,user,8175b722
U1295,user,632badee
U1296,user,d21b7520
U1297,user,1b24166c
U1298,user,54d162e7
U1299,user,97a1ecdc
U130,user,68d4ff5f
U1300,user,dd99ea50
U1301,user,ffe07690
U1302,user,6c48fc96
U1303,user,cf912b2c
U1304,user,4b3d941b
U1305,user,31efa587
U1306,user,ab19fd02
U1307,user,bd3e1cf3
U1308,user,09cd47de
U1309,user,5b02e4aa
U131,user,8d867fc2
U1310,user,a87768f1
U1311,user,e9fc4fcf
U1312,user,8bc2d4f8
U1313,user,fda8ac5c
U1314,user,10d9e12e
U1315,user,88740a6b
U1316,user,82f563cd
U1317,user,5ba82d3f
U1318,user,6d486e14
U1319,user,75d34f20
U132,user,a5919ffe
U1320,user,18eba299
U1321,user,aeab530d
U1322,user,32ce6752
U1323,user,abecea31
U1324,user,af52072e
U1325,user,fb14126d
U1326,user,5a42975f
U1327,user,95094ef7
U1328,user,11683e07
U1329,user,7e6c9108
U133,user,0cc59437
U1330,user,552dc2f8
U1331,user,4e5df1f4
U1332,user,0b34d6c2
U1333,user,819a2abf
U1334,user,71627602
U1335,user,c0a3e01b
U1336,user,59f27028
U1337,user,0cd54e90
U1338,user,b584fff7
U1339,user,7a396139
U134,user,ddf53e66
U1340,user,7a9ab82e
U1341,user,d76118e9
U1342,user,0ab8d7ec
U1343,user,aae780c1
U1344,user,2c06c3c5
U1345,user,9708f780
U1346,user,eb04800a
U1347,user,6bb03492
U1348,user,36af4f38
U1349,user,8b8cf7e0
U135,user,85f460e8
U1350,user,aad72bd1
U1351,user,1f8ef83e
U1352,user,9bd8c751
U1353,user,541a92d7
U1354,user,6b56b3a8
U1355,user,617759bf
U1356,user,e421c8c7
U1357,user,69630add
U1358,user,984fa1b6
U1359,user,23f665b0
U136,user,f660a25d
U1360,user,f23c573e
U1361,user,4477d545
U1362,user,e8208cdf
U1363,user,dfaa4f67
U1364,user,22f4a269
U1365,user,0a2d7c0f
U1366,user,70252762
U1367,user,40c472fd
U1368,user,e78fbf89
U1369,user,daf218fa
U137,user,88f85e83
U1370,user,8d29a3a9
U1371,user,ff3b3ae8
U1372,user,9d946b23
U1373,user,fc44df91
U1374,user,2713b60d
U1375,user,28dab95d
U1376,user,ac9fb40a
U1377,user,712aba6b
U1378,user,2881a80a
U1379,user,b3f6a5ac
U138,user,b5e24cf6
U1380,user,d690924f
U1381,user,c6da6216
U1382,user,2f939670
U1383,user,1cfda0bc
U1384,user,1cd3f0b1
U1385,user,4f3e17d9
U1386,user,3f202733
U1387,user,f5673069
U1388,user,4e74172f
U1389,user,511fc82f
U139,user,96d9583b
U1390,user,f36471f2
U1391,user,489c98cb
U1392,user,696fe6c0
U1393,user,12063ca1
U1394,user,d2cef075
U1395,user,58292148
U1396,user,76a0a4cc
U1397,user,0886b154
U1398,user,02329e6d
U1399,user,daa36104
U140,user,68236094
U1400,user,aefb79fe
U1401,user,fdd42e1d
U1402,user,40539bf8
U1403,user,d2466e02
U1404,user,51ed73eb
U1405,user,72f4db5c
U1406,user,d6a46906
U1407,user,0642ca59
U1408,user,502110a7
U1409,user,ab3f8d03
U141,user,6bf5e750
U1410,user,9620632b
U1411,user,eb270d63
U1412,user,4c20a006
U1413,user,bbc8c5c6
U1414,user,5402eeff
U1415,user,0d737983
U1416,user,cedaab76
U1417,user,6e1249d2
U1418,user,e2f2cf36
U1419,user,dca55552
U142,user,b91423ea
U1420,user,d3f5ac26
U1421,user,fe9dc24b
U1422,user,7d9e52f6
U1423,user,7b45cde4
U1424,user,087e59d6
U1425,user,33f96b26
U1426,user,b06b5198
U1427,user,56e9a67c
U1428,user,1c869318
U1429,user,71bbe51a
U143,user,defd24da
U1430,user,ac92756f
U1431,user,20210b69
U1432,user,1719de5a
U1433,user,9710f0fa
U1434,user,eb84644a
U1435,user,f42a5e96
U1436,user,41a3d983
U1437,user,7e0e0407
U1438,user,57a6a38f
U1439,user,24827d95
U144,user,1cda8c63
U1440,user,4194ad83
U1441,user,f3b36a14
U1442,user,2471a996
U1443,user,3b951928
U1444,user,6df3656e
U1445,user,ad9a673d
U1446,user,c03d8010
U1447,user,502f9835
U1448,user,152a7343
U1449,user,8d50a460
U145,user,95b1ee08
U1450,user,c370f480
U1451,user,9c07ddc8
U1452,user,45274c82
U1453,user,21561fc5
U1454,user,51a80e27
U1455,user,fc10ee97
U1456,user,a4fee6b0
U1457,user,7e421e0d
U1458,user,5d4b1e48
U1459,user,f6987c2a
U146,user,1e46624b
U1460,user,099d927a
U1461,user,800b079f
U1462,user,ca3645cc
U1463,user,57f17963
U1464,user,969b4957
U1465,user,805d0cbe
U1466,user,3c0ebba9
U1467,user,87b82d5f
U1468,user,6433eb49
U1469,user,bd904fc6
U147,user,4f96abab
U1470,user,8004c96f
U1471,user,6d6f91cd
U1472,user,f5c0b741
U1473,user,66bb4180
U1474,user,a488b7ba
U1475,user,0a3cd23f
U1476,user,d1b73cac
U1477,user,c801ee40
U1478,user,9fea514d
U1479,user,c45bb0f1
U148,user,e92600ad
U1480,user,41c013cd
U1481,user,f56d9039
U1482,user,1768384e
U1483,user,be671331
U1484,user,24f89def
U1485,user,591b8e41
U1486,user,ad0423b6
U1487,user,d9c283a0
U1488,user,1a5ddb9b
U1489,user,b4f22933
U149,user,a61f2edb
U1490,user,7e333d90
U1491,user,3f326d19
U1492,user,2c60dcc7
U1493,user,223f85d6
U1494,user,addb0357
U1495,user,3189f7a7
U1496,user,5f6cb3d2
U1497,user,1788ccf7
U1498,user,618aca3d
U1499,user,b350327c
U150,user,5d1a182a
U1500,user,ad80e583
U1501,user,4a6174c2
U1502,user,47398320
U1503,user,e7602ab3
U1504,user,102aa128
U1505,user,b682a707
U1506,user,46e50560
U1507,user,05ca75d2
U1508,user,127c41cb
U1509,user,25638135
U151,user,7eaf66e0
U1510,user,e4a9cf80
U1511,user,14371499
U1512,user,3b02a97f
U1513,user,ce5b9b48
U1514,user,0b2f6861
U1515,user,b05086c8
U1516,user,ee698f8b
U1517,user,b586b948
U1518,user,c96910b0
U1519,user,a8098f67
U152,user,8bab3d6d
U1520,user,37160231
U1521,user,d33000d2
U1522,user,de473962
U1523,user,8c32c362
U1524,user,49476e3e
U1525,user,518c1cf6
U1526,user,2413e996
U1527,user,d5344ba8
U1528,user,1d21b47b
U1529,user,7578c49a
U153,user,ccb90024
U1530,user,fd3eaa1f
U1531,user,a7329fac
U1532,user,679c4f1f
U1533,user,fa9a4616
U1534,user,8eb197bb
U1535,user,399fd926
U1536,user,ef7e1259
U1537,user,fe225b45
U1538,user,01fe057f
U1539,user,52866526
U154,user,db749d54
U1540,user,e933d44e
U1541,user,b4ca3bac
U1542,user,736b831e
U1543,user,06b38144
U1544,user,edabbde2
U1545,user,80db65f8
U1546,user,5a08a250
U1547,user,d4a8d8c7
U1548,user,42a05be6
U1549,user,1241088c
U155,user,079b2c9a
U1550,user,6a2dbcf9
U1551,user,5eb1b3c0
U1552,user,df903ac1
U1553,user,e8ac971e
U1554,user,aedbdb87
U1555,user,21302473
U1556,user,d3b4d636
U1557,user,fcdd697b
U1558,user,a2530284
U1559,user,7fda5d7b
U156,user,46133ce2
U1560,user,61222f26
U1561,user,f7575e62
U1562,user,fd4a030c
U1563,user,5c3dd81f
U1564,user,3f066b62
U1565,user,05d5c13b
U1566,user,28ef7d71
U1567,user,bc384ccd
U1568,user,cf39e347
U1569,user,5f038cb4
U157,user,11960dde
U1570,user,80c9ccd3
U1571,user,30a16bfb
U1572,user,7cc01a39
U1573,user,02b39ac6
U1574,user,ebfcd637
U1575,user,987c8c6d
U1576,user,bca2a453
U1577,user,7b58d019
U1578,user,0549d791
U1579,user,51ff1957
U158,user,594a976c
U1580,user,3312b529
U1581,user,9c3b9a24
U1582,user,546a546a
U1583,user,cd65f377
U1584,user,8990ee57
U1585,user,2dc09e63
U1586,user,27baf21f
U1587,user,170b5d47
U1588,user,4aaa6031
U1589,user,d4908359
U159,user,553333bc
U1590,user,47467f7b
U1591,user,0ff3d85c
U1592,user,364f3bd3
U1593,user,a541434a
U1594,user,35677551
U1595,user,64e4af4f
U1596,user,5ddbd3b8
U1597,user,0dcebe2d
U1598,user,4c257cb2
U1599,user,96430a2b
U160,user,b2d31128
U1600,user,77c28135
U1601,user,acc3f3fb
U1602,user,927dbbe5
U1603,user,2cd47a0c
U1604,user,0afabca9
U1605,user,2cd917c4
U1606,user,3e699cf2
U1607,user,2e26c630
U1608,user,07d926b5
U1609,user,29d46aec
U161,user,dc519f9f
U1610,user,0be12ae1
U1611,user,6cec645f
U1612,user,24dabc4c
U1613,user,b4d3105e
U1614,user,741da176
U1615,user,d993644a
U1616,user,7172331e
U1617,user,ba61cfe6
U1618,user,2b7bccc3
U1619,user,97c39396
U162,user,e2813bc0
U1620,user,c9b9f59f
U1621,user,cd79f713
U1622,user,1fd54bfa
U1623,user,fc422ecd
U1624,user,2c54b589
U1625,user,a3eb8a78
U1626,user,96c5af0d
U1627,user,85293533
U1628,user,7e05a9ce
U1629,user,210fe8cf
U163,user,cd9bbbc6
U1630,user,019a6a96
U1631,user,0d13f46d
U1632,user,f34919ce
U1633,user,205641d6
U1634,user,91f84a3b
U1635,user,4621163e
U1636,user,aa766234
U1637,user,2e5ac10c
U1638,user,b1d4840c
U1639,user,df044467
U164,user,ca640b47
U1640,user,9b03efa6
U1641,user,d4a77d5d
U1642,user,73f80fbf
U1643,user,b585b7a5
U1644,user,5141b721
U1645,user,446f3f50
U1646,user,a04ea61f
U1647,user,57e08a86
U1648,user,58c9fc73
U1649,user,770fdf5a
U165,user,0469b748
U1650,user,2171f9e4
U1651,user,c3f9a3a8
U1652,user,a8d274a9
U1653,user,d881c853
U1654,user,602a8139
U1655,user,6f27010e
U1656,user,df90eef2
U1657,user,1c260ed2
U1658,user,7c02cd90
U1659,user,ce1c10fe
U166,user,b8560833
U1660,user,ac28ac88
U1661,user,33152795
U1662,user,7835c4a4
U1663,user,ec9d3093
U1664,user,5455e1e5
U1665,user,5fd7ad44
U1666,user,e7b809a7
U1667,user,4b72c6dc
U1668,user,24106483
U1669,user,a3fefb15
U167,user,881869b2
U1670,user,7bc7cf94
U1671,user,b381a287
U1672,user,e9d5dd2b
U1673,user,51e0a22e
U1674,user,91fa5ab6
U1675,user,3eed9d72
U1676,user,3cde5d16
U1677,user,f1a82827
U1678,user,e0d583d0
U1679,user,3106c267
U168,user,0c350c9f
U1680,user,29bdfbab
U1681,user,e7ba8c94
U1682,user,85196afb
U1683,user,fc070f4c
U1684,user,0332590b
U1685,user,19adabce
U1686,user,9d5a832b
U1687,user,e2242f9a
U1688,user,36bc5c88
U1689,user,f61e92f8
U169,user,96cf6dfa
U1690,user,6bf4fcd5
U1691,user,a3e78725
U1692,user,f3115071
U1693,user,b67cbf7b
U1694,user,20a9318a
U1695,user,59ad0d70
U1696,user,95da7de0
U1697,user,8cc3c092
U1698,user,63311a08
U1699,user,dab5784c
U170,user,c60e7712
U1700,user,3d5a726f
U1701,user,fb63ee9b
U1702,user,4c65bbcc
U1703,user,8bfd98bb
U1704,user,15560496
U1705,user,b4c6b056
U1706,user,af1cfbe6
U1707,user,de891e2a
U1708,user,f96400c7
U1709,user,2126a548
U171,user,1d4664d2
U1710,user,bb4adbb7
U1711,user,5cba5122
U1712,user,6d6065a5
U1713,user,156f1735
U1714,user,e9706b75
U1715,user,79384684
U1716,user,077eeaa5
U1717,user,7dca472e
U1718,user,2855e795
U1719,user,c2defb13
U172,user,654ecf19
U1720,user,fd6ff6b4
U1721,user,4ee52334
U1722,user,6683ace4
U1723,user,4c663084
U1724,user,de244dd5
U1725,user,0d7f0041
U1726,user,b7f86009
U1727,user,658c27ec
U1728,user,a6d1f062
U1729,user,33bac6e9
U173,user,06b6a254
U1730,user,dd6d1cbd
U1731,user,48eb05fb
U1732,user,b9bc08bc
U1733,user,c0c6a1eb
U1734,user,e62fe3e2
U1735,user,ccd96cff
U1736,user,955e2e62
U1737,user,7b64086c
U1738,user,32833c57
U1739,user,18498689
U174,user,0a049dd7
U1740,user,44a1b7b1
U1741,user,4dc29bcb
U1742,user,af2cc91e
U1743,user,aa04aca3
U1744,user,d60242ff
U1745,user,075d2909
U1746,user,b9d794e3
U1747,user,193e9204
U1748,user,e0558575
U1749,user,5282f31f
U175,user,6a2ce9d5
U1750,user,8f76ed35
U1751,user,537fc6a3
U1752,user,9ca3e316
U1753,user,405ced9a
U1754,user,8d92ad13
U1755,user,909d194d
U1756,user,7d2926bf
U1757,user,55386b68
U1758,user,61a5ac51
U1759,user,67feb4b3
U176,user,641e2a46
U1760,user,b49a771f
U1761,user,c6a0fcaa
U1762,user,5bd24fb9
U1763,user,c200bee3
U1764,user,f874dd83
U1765,user,53b21650
U1766,user,3329031a
U1767,user,517dbc0a
U1768,user,e96228a0
U1769,user,99def8e6
U177,user,d8e1a5b2
U1770,user,00ad3ddd
U1771,user,739bd807
U1772,user,00bc5781
U1773,user,a44af811
U1774,user,5f59bdf6
U1775,user,5ee868b2
U1776,user,494393b4
U1777,user,8d4132b1
U1778,user,fea056e4
U1779,user,807eaa29
U178,user,e0c606a0
U1780,user,315d1663
U1781,user,7bdba100
U1782,user,341cc1a1
U1783,user,1db65999
U1784,user,4ef00b67
U1785,user,7474187f
U1786,user,5ea0d599
U1787,user,5e50bf06
U1788,user,7de7d2a6
U1789,user,48adc5c0
U179,user,74df1e1a
U1790,user,0eab3594
U1791,user,273a1ad1
U1792,user,d298f419
U1793,user,725e26ac
U1794,user,d77b076d
U1795,user,ac114f89
U1796,user,b71525ee
U1797,user,d41203b5
U1798,user,93b4a0be
U1799,user,216bedc2
U180,user,d1f92a6b
U1800,user,e7c55b43
U1801,user,5f1af4d7
U1802,user,44bfe6ff
U1803,user,c558689b
U1804,user,22a1e66a
U1805,user,c35b759d
U1806,user,76f88bd5
U1807,user,f6656e53
U1808,user,781df86b
U1809,user,190151be
U181,user,179bcf30
U1810,user,91374fcd
U1811,user,27bb10b3
U1812,user,46e59899
U1813,user,360c9192
U1814,user,bbf580a0
U1815,user,1afd3b23
U1816,user,0f5c5f8b
U1817,user,4e1cc01f
U1818,user,4609857c
U1819,user,85d058d8
U182,user,6c6126d6
U1820,user,150eb353
U1821,user,85d164de
U1822,user,b450f8cb
U1823,user,cf9ed6c2
U1824,user,6b05d77e
U1825,user,9a47ad05
U1826,user,0141851d
U1827,user,0b1a69cd
U1828,user,76697d6a
U1829,user,ae61261b
U183,user,fa5ff3c2
U1830,user,00040b9a
U1831,user,368d67f5
U1832,user,e84b9b8f
U1833,user,f7555869
U1834,user,3bf8bfe8
U1835,user,4d0a0d5f
U1836,user,0650db6c
U1837,user,f5a2a598
U1838,user,148b5989
U1839,user,93933473
U184,user,467811f4
U1840,user,2cd99a16
U1841,user,10d056b1
U1842,user,1c9e9d42
U1843,user,b7812a8d
U1844,user,b89c7820
U1845,user,7012193b
U1846,user,53256ee3
U1847,user,7e9af836
U1848,user,51be34bc
U1849,user,f52c9359
U185,user,2cb88744
U1850,user,cd1d961b
U1851,user,3cb906aa
U1852,user,23e34be3
U1853,user,29da5371
U1854,user,d1de6bc3
U1855,user,d72d0f92
U1856,user,ee6f51e6
U1857,user,3e995795
U1858,user,8c6cd68d
U1859,user,af4e412f
U186,user,bbbe6d80
U1860,user,3cd8981a
U1861,user,0b39a8f6
U1862,user,ca34d258
U1863,user,6288b960
U1864,user,d68e5c1f
U1865,user,dc8dbab1
U1866,user,710e61d0
U1867,user,87319ecb
U1868,user,572bf928
U1869,user,8ab3842f
U187,user,a9872c4a
U1870,user,f8a92ca2
U1871,user,14bdecc4
U1872,user,478ed7c2
U1873,user,269e41d4
U1874,user,b15943ec
U1875,user,cd6b36fa
U1876,user,42942734
U1877,user,684af059
U1878,user,47e279cd
U1879,user,241f2be8
U188,user,20af635c
U1880,user,db3c03e0
U1881,user,5fcab3a1
U1882,user,30025cd6
U1883,user,f2e8ebcc
U1884,user,00e85f09
U1885,user,3bda06c8
U1886,user,faef0b22
U1887,user,7ddb464a
U1888,user,59dee3be
U1889,user,13310c4c
U189,user,4f82cd32
U1890,user,fa76b026
U1891,user,0bb032b8
U1892,user,845b66b6
U1893,user,b50f30c5
U1894,user,1f43174d
U1895,user,f38b0213
U1896,user,d9ec0c28
U1897,user,54f9d4b1
U1898,user,6fb5ed1e
U1899,user,491927e6
U190,user,87f404c7
U1900,user,55cc4de7
U1901,user,e38d91a0
U1902,user,94827c04
U1903,user,966f76ed
U1904,user,1ba9c5da
U1905,user,2d71bed8
U1906,user,8bc21f6d
U1907,user,098bfe8a
U1908,user,021dcf76
U1909,user,ec1d7f57
U191,user,06e891ec
U1910,user,4ee958f3
U1911,user,b490076f
U1912,user,3c790a8b
U1913,user,c084663f
U1914,user,d68ab7ab
U1915,user,e5eb8b15
U1916,user,3baad117
U1917,user,5b33f695
U1918,user,f6a6ebad
U1919,user,769daa32
U192,user,059cc5df
U1920,user,1cb61a88
U1921,user,55696cef
U1922,user,929fc6d8
U1923,user,ccd43f7b
U1924,user,28f56903
U1925,user,52974996
U1926,user,2ffa4807
U1927,user,9094e1bc
U1928,user,7f12c8f0
U1929,user,67fed780
U193,user,f254a7b3
U1930,user,3a74de56
U1931,user,de7e2c22
U1932,user,81a3cc99
U1933,user,05b9a876
U1934,user,7cd08ae0
U1935,user,69b95b64
U1936,user,90c9d442
U1937,user,617e3d65
U1938,user,19b46e96
U1939,user,ce229b0e
U194,user,74b605dd
U1940,user,e8d1dc7e
U1941,user,92b3a5cd
U1942,user,5a6c442f
U1943,user,4b63285f
U1944,user,94bb6b9b
U1945,user,22bb4968
U1946,user,13a4c59c
U1947,user,82536403
U1948,user,8ad0b964
U1949,user,c6925bf8
U195,user,8e4c388a
U1950,user,e2652f27
U1951,user,de1b852e
U1952,user,12191ec6
U1953,user,7ff3c519
U1954,user,d0b0885b
U1955,user,f6bf3de9
U1956,user,d30bf00f
U1957,user,3b66f0df
U1958,user,68c61be6
U1959,user,ec47d529
U196,user,1c169bc7
U1960,user,e2ffb795
U1961,user,1dd435ba
U1962,user,3672785d
U1963,user,cfff04c4
U1964,user,3f4aad83
U1965,user,823cd3c5
U1966,user,67f85637
U1967,user,74e468e5
U1968,user,7a161b82
U1969,user,d66a3d88
U197,user,0f7ef952
U1970,user,77a4fe33
U1971,user,24e405bf
U1972,user,e71a5b3e
U1973,user,9151d70a
U1974,user,e2eb6e18
U1975,user,2d0efa2b
U1976,user,6692adf1
U1977,user,deaacbf4
U1978,user,74c1c054
U1979,user,0af14ff3
U198,user,8847981f
U1980,user,50835f53
U1981,user,bb27a6ff
U1982,user,117a8053
U1983,user,5ce08e8f
U1984,user,7b47d2d9
U1985,user,913d855d
U1986,user,09c38a33
U1987,user,98008b90
U1988,user,e1b48015
U1989,user,9fb6df1b
U199,user,2087b83d
U1990,user,ebdf8c70
U1991,user,7495387e
U1992,user,7e56cafd
U1993,user,13d5fe41
U1994,user,8ab2e039
U1995,user,2e88e3c4
U1996,user,570cef29
U1997,user,42408bda
U1998,user,35166156
U1999,user,bdd9b40c
U200,user,853b7808
U2000,user,edd68659
U2001,user,df74a931
U2002,user,d973750f
U2003,user,ac624a10
U2004,user,b39937b3
U2005,user,c1921c70
U2006,user,c32b8636
U2007,user,96b30f4f
U2008,user,1881ef31
U2009,user,769ed9d4
U201,user,e1196495
U2010,user,64b5e574
U2011,user,dfd1115e
U2012,user,3f2ed5d9
U2013,user,36b58e0a
U2014,user,5a24bc4b
U2015,user,96c2f432
U2016,user,9f992c39
U2017,user,0d633c04
U2018,user,480952d3
U2019,user,8fc5da7b
U202,user,10ad76a9
U2020,user,d5567ce9
U2021,user,e067c8ab
U2022,user,e46940fd
U2023,user,e48d12e8
U2024,user,54a28fa1
U2025,user,ab0fdd55
U2026,user,da65920f
U2027,user,c19eb432
U2028,user,3e8f1e18
U2029,user,99ac6801
U203,user,60209bf7
U2030,user,03df5c8e
U2031,user,b0d2fe11
U2032,user,eed74417
U2033,user,663c75d3
U2034,user,8adc574a
U2035,user,f11ae142
U2036,user,b6f96e15
U2037,user,67eea9e5
U2038,user,6f2bdd77
U2039,user,4c2db79e
U204,user,ff816838
U2040,user,73929e23
U2041,user,6d515fe9
U2042,user,b93a3821
U2043,user,5882ac90
U2044,user,14688885
U2045,user,4125a4fe
U2046,user,d6c6dd5c
U2047,user,3e455f8c
U2048,user,16a469a4
U2049,user,e48a71ee
U205,user,1fcfa082
U2050,user,1db8d9f4
U2051,user,1d92f742
U2052,user,c43b7ca8
U2053,user,66a4ab5e
U2054,user,bbfa05e5
U2055,user,316026ff
U2056,user,712672ff
U2057,user,2119667c
U2058,user,4189ae14
U2059,user,39055376
U206,user,275f0137
U2060,user,52a3aab1
U2061,user,d59132f5
U2062,user,ccb88f13
U2063,user,452e89e9
U2064,user,73ebb3db
U2065,user,8f3d4c93
U2066,user,0db8767b
U2067,user,1d69d178
U2068,user,96e1397e
U2069,user,4d36de84
U207,user,351d3bab
U2070,user,dc6fdb72
U2071,user,f8303963
U2072,user,8f4505cf
U2073,user,3c88683e
U2074,user,306e5911
U2075,user,e9c07759
U2076,user,79ece2e2
U2077,user,8963e7d1
U2078,user,cb2cacbf
U2079,user,c85db31c
U208,user,fac365b2
U2080,user,c4f4de6e
U2081,user,89cd01ca
U2082,user,a87af25b
U2083,user,8d74977f
U2084,user,0d85f039
U2085,user,6172aab1
U2086,user,35f3c718
U2087,user,996c202a
U2088,user,f72e6381
U2089,user,6e88f25b
U209,user,eed23f99
U2090,user,5a68494f
U2091,user,6c5fb617
U2092,user,7934a734
U2093,user,bd3bff16
U2094,user,a73812a8
U2095,user,e293905d
U2096,user,1f855930
U2097,user,f92d86c9
U2098,user,dae4a9cf
U2099,user,f91043d4
U210,user,28271f2a
U2100,user,30a97e4b
U2101,user,44963635
U2102,user,b501c5a4
U2103,user,87268059
U2104,user,0a5892e6
U2105,user,4f1e6e57
U2106,user,e514fd5e
U2107,user,ac3bd1d1
U2108,user,87620740
U2109,user,38aaf295
U211,user,390480bd
U2110,user,27419c61
U2111,user,01d9ba42
U2112,user,9ad947b1
U2113,user,bd6e36ef
U2114,user,2dd09bfa
U2115,user,4e1c7041
U2116,user,cbe5ab4a
U2117,user,d2aa8a02
U2118,user,4373d61d
U2119,user,df1d565d
U212,user,a08302c0
U2120,user,bddfa58a
U2121,user,76abba28
U2122,user,fb122388
U2123,user,524240bf
U2124,user,a927799d
U2125,user,cb54af1d
U2126,user,0e0558e1
U2127,user,f4011a03
U2128,user,bb939f68
U2129,user,1c92df41
U213,user,87f37ac7
U2130,user,5b705994
U2131,user,876555d9
U2132,user,459b1e74
U2133,user,3ec9b961
U2134,user,e69ae30c
U2135,user,42ef46ae
U2136,user,630b70ba
U2137,user,04f1e33e
U2138,user,e2fb89b5
U2139,user,45ac1157
U214,user,692d8eac
U2140,user,08e6eefd
U2141,user,1d6688ab
U2142,user,bba276b2
U2143,user,2b79b4a1
U2144,user,b669934f
U2145,user,c31e8abb
U2146,user,65b99a4e
U2147,user,b84026f9
U2148,user,c7a03279
U2149,user,d867e78f
U215,user,444da98e
U2150,user,4317be9b
U2151,user,64dc8868
U2152,user,ec05803b
U2153,user,a663b7b6
U2154,user,5bff3cea
U2155,user,8d4aa2ab
U2156,user,bebc632b
U2157,user,1a3ee4c1
U2158,user,397b4f9d
U2159,user,ff3740ae
U216,user,e58daf38
U2160,user,dfa7f58c
U2161,user,6bddf077
U2162,user,59026174
U2163,user,23618600
U2164,user,2dea518c
U2165,user,03ddc6a2
U2166,user,78615d07
U2167,user,85685c9d
U2168,user,14c9da44
U2169,user,d64cae26
U217,user,868ac456
U2170,user,6cf74c9a
U2171,user,47c8d625
U2172,user,14ce543e
U2173,user,f31dcda9
U2174,user,503ab7cd
U2175,user,2e4a1af9
U2176,user,ca7146cc
U2177,user,6fccdef5
U2178,user,3ef68a9d
U2179,user,3f548510
U218,user,d89a4d5e
U2180,user,67f1f00d
U2181,user,ca540846
U2182,user,7d146dd8
U2183,user,1bd4d73a
U2184,user,6db93b5b
U2185,user,38bf115d
U2186,user,421ab1af
U2187,user,9dd2c4e0
U2188,user,d6bb6d7d
U2189,user,da969d52
U219,user,82d0111e
U2190,user,c361ccd4
U2191,user,a019e3dd
U2192,user,a10dc6be
U2193,user,8beb9760
U2194,user,191e2ad1
U2195,user,0df985e1
U2196,user,7a84283a
U2197,user,cd944649
U2198,user,b3635640
U2199,user,32a4159c
U220,user,66b8fd9c
U2200,user,213d9c2d
U2201,user,75bbcdc8
U2202,user,c674f0f9
U2203,user,e614a323
U2204,user,32ca8dfc
U2205,user,9f650ba4
U2206,user,0797f1c2
U2207,user,21640e8b
U2208,user,e83b91ca
U2209,user,2c851db6
U221,user,e13a7213
U2210,user,80e1fd40
U2211,user,dd7a85a3
U2212,user,662528e3
U2213,user,66961509
U2214,user,f63b4ad6
U2215,user,6147ca38
U2216,user,dc259320
U2217,user,566f63b0
U2218,user,ad1d5ca3
U2219,user,07c0e52f
U222,user,bff89344
U2220,user,8cb54836
U2221,user,34851719
U2222,user,89f3c0b8
U2223,user,d1317886
U2224,user,a7fb726f
U2225,user,d9eb43f0
U2226,user,ef3d61c2
U2227,user,636c2951
U2228,user,b9e1447e
U2229,user,9903abb6
U223,user,7d17d38f
U2230,user,6db20e21
U2231,user,c84cc3af
U2232,user,c797459d
U2233,user,d4a5b6f4
U2234,user,2cfd5920
U2235,user,f0b05ac6
U2236,user,70b3ea40
U2237,user,526f5a78
U2238,user,3a1e9f3b
U2239,user,4465f11c
U224,user,d6fd189c
U2240,user,d7060e35
U2241,user,04c50544
U2242,user,8a9b68fa
U2243,user,a2e2cc06
U2244,user,984502d0
U2245,user,9998fb06
U2246,user,92d50346
U2247,user,8d166b89
U2248,user,336a01db
U2249,user,e88f1474
U225,user,09218206
U2250,user,6cc7c181
U2251,user,0f7372cf
U2252,user,4a36a56d
U2253,user,19ca7894
U2254,user,d91622ff
U2255,user,7011d305
U2256,user,a8f0159a
U2257,user,22c42ef7
U2258,user,cc062714
U2259,user,9bc51318
U226,user,dca2e47b
U2260,user,3b1ad58f
U2261,user,14fe2336
U2262,user,0f94d55d
U2263,user,f53e4f41
U2264,user,db08b730
U2265,user,a2c923c6
U2266,user,31185c54
U2267,user,feb46277
U2268,user,d36b5b3a
U2269,user,3eccc8cc
U227,user,1eb887a9
U2270,user,5a56d1f4
U2271,user,fa1f50cb
U2272,user,a02bdcb6
U2273,user,d19c3003
U2274,user,6bd25a8b
U2275,user,9ee8c84e
U2276,user,672e61eb
U2277,user,7e0f7f2d
U2278,user,91170886
U2279,user,5a262e8a
U228,user,bfeec0e2
U2280,user,95d86e28
U2281,user,632fd016
U2282,user,986429b1
U2283,user,a64f8957
U2284,user,aca1877e
U2285,user,5666475e
U2286,user,d2e8d99c
U2287,user,03cdc652
U2288,user,fd6628c7
U2289,user,bb15116c
U229,user,c5187af0
U2290,user,888f6e58
U2291,user,8a6623a7
U2292,user,169e232e
U2293,user,8ea4d09e
U2294,user,41c9e8ca
U2295,user,54dee5f2
U2296,user,62700107
U2297,user,4f33e579
U2298,user,ce58a993
U2299,user,bdaf8331
U230,user,36b31613
U2300,user,2c1d6f32
U2301,user,324d7d74
U2302,user,d4488910
U2303,user,24726fa4
U2304,user,472d1ab3
U2305,user,4c801a9f
U2306,user,a782da94
U2307,user,fe3c9a20
U2308,user,113c213c
U2309,user,b97b310c
U231,user,3288098b
U2310,user,849f0194
U2311,user,7396fd9f
U2312,user,d1337a0b
U2313,user,6de3426c
U2314,user,3f8397d4
U2315,user,c726625b
U2316,user,27722d3b
U2317,user,66a48296
U2318,user,26fb1d57
U2319,user,e0dd2587
U232,user,b37d3b46
U2320,user,a6711748
U2321,user,9066ff5a
U2322,user,2991dd4c
U2323,user,71b25b67
U2324,user,a14a3225
U2325,user,a62e55b5
U2326,user,3eb1ccb2
U2327,user,69a89b48
U2328,user,40f139f5
U2329,user,4fcf82ce
U233,user,772f9df6
U2330,user,774ef802
U2331,user,dfc2c287
U2332,user,11da5d65
U2333,user,5b02fb68
U2334,user,21cad8e1
U2335,user,46d37c1f
U2336,user,d8729acc
U2337,user,b39cebb6
U2338,user,2b3743cc
U2339,user,8d91f861
U234,user,b918cd3f
U2340,user,67fa0e2e
U2341,user,52b20add
U2342,user,ef23c6b9
U2343,user,717eb015
U2344,user,8e5b336c
U2345,user,e910e2a3
U2346,user,83f20f61
U2347,user,361ca3c2
U2348,user,d2170b4e
U2349,user,c2f64736
U235,user,c64396b3
U2350,user,e129b81a
U2351,user,d82b996c
U2352,user,30b1e675
U2353,user,dbf1d943
U2354,user,02d629b3
U2355,user,383d6c54
U2356,user,04216d3c
U2357,user,777a46d7
U2358,user,3545480a
U2359,user,d6566e97
U236,user,fa408cea
U2360,user,0aaf7079
U2361,user,8855556b
U2362,user,abbaff91
U2363,user,8d87f2c5
U2364,user,aae0b907
U2365,user,70cf6b6a
U2366,user,448315f5
U2367,user,26ad257e
U2368,user,ea8ce901
U2369,user,04c7be1c
U237,user,0066a1ab
U2370,user,a71de26b
U2371,user,f862b405
U2372,user,dad1f082
U2373,user,72b4d47d
U2374,user,b53056c5
U2375,user,848d318b
U2376,user,36fa2605
U2377,user,b4a9fa66
U2378,user,caaa0095
U2379,user,badbe657
U238,user,e8432d37
U2380,user,574bb5e2
U2381,user,2e15d554
U2382,user,6c91c5e0
U2383,user,7ddb8441
U2384,user,c1067693
U2385,user,3be9d251
U2386,user,06f773f4
U2387,user,e348afea
U2388,user,9e3fa582
U2389,user,c45ffe89
U239,user,461c7664
U2390,user,2055d2d1
U2391,user,ba75b64d
U2392,user,766f30ee
U2393,user,a018e876
U2394,user,df3f9ce4
U2395,user,358cbb32
U2396,user,2049d677
U2397,user,a5aa7dc2
U2398,user,8a021cbe
U2399,user,6dad633e
U240,user,6562d0c9
U2400,user,13f3bb08
U2401,user,b5f9ac0f
U2402,user,70510a5a
U2403,user,cf40503f
U2404,user,435f1bc5
U2405,user,6999d5d0
U2406,user,a306c611
U2407,user,6df1d884
U2408,user,1fecc645
U2409,user,6244469c
U241,user,d5353b40
U2410,user,153e5252
U2411,user,47d63962
U2412,user,e1ab4e94
U2413,user,53b48541
U2414,user,001a4711
U2415,user,43a46e60
U2416,user,be85dac9
U2417,user,b22e9f2f
U2418,user,81732254
U2419,user,ca6d9db8
U242,user,cb4a8887
U2420,user,5989fa6a
U2421,user,4198dbb9
U2422,user,b735fefe
U2423,user,8287f706
U2424,user,d646b094
U2425,user,07bcbd99
U2426,user,8de39570
U2427,user,5979a8f3
U2428,user,367f9028
U2429,user,4f0d5659
U243,user,47de86fb
U2430,user,771ba2a7
U2431,user,1a24fc25
U2432,user,740c86fa
U2433,user,e3a7eaf3
U2434,user,27bc7a06
U2435,user,841190de
U2436,user,17ac93fa
U2437,user,435aad71
U2438,user,2c7bb1b2
U2439,user,2318d67f
U244,user,5541d65b
U2440,user,4eb9e316
U2441,user,cfe2e356
U2442,user,b7cf70b9
U2443,user,bb4f3c65
U2444,user,5dce3eae
U2445,user,eab60785
U2446,user,d3e41448
U2447,user,a5c4e6d0
U2448,user,d8a447af
U2449,user,fed1296a
U245,user,cb1d6ce5
U2450,user,72e25bdc
U2451,user,caf3f5fc
U2452,user,b3209b48
U2453,user,45596977
U2454,user,a2b16888
U2455,user,9ebbb962
U2456,user,1ab19349
U2457,user,3fc3a7b0
U2458,user,b9afed79
U2459,user,250ac7eb
U246,user,75a2d4e2
U2460,user,410b572b
U2461,user,8a226071
U2462,user,a99728be
U2463,user,d55c0e6d
U2464,user,f46608e0
U2465,user,2e0fe0a8
U2466,user,0788c57e
U2467,user,20297d7f
U2468,user,ee34688b
U2469,user,b3d209d1
U247,user,edd9d870
U2470,user,16078298
U2471,user,eac762cc
U2472,user,760c30e7
U2473,user,ce326e76
U2474,user,6b5326ea
U2475,user,6947883a
U2476,user,8297672b
U2477,user,50903933
U2478,user,4d43b0a9
U2479,user,a3994ae7
U248,user,26db63d2
U2480,user,dc23d5e4
U2481,user,c1fba477
U2482,user,cfbd91ac
U2483,user,725d6632
U2484,user,21b317ee
U2485,user,994cb71d
U2486,user,ce7de6b4
U2487,user,6747f1c9
U2488,user,120cccc6
U2489,user,5cd750e2
U249,user,c90a5e02
U2490,user,41df71ec
U2491,user,96638eab
U2492,user,96e0ee6e
U2493,user,18802376
U2494,user,682d58bf
U2495,user,366a856d
U2496,user,39eb1392
U2497,user,2d091c10
U2498,user,97788f77
U2499,user,93e3bd97
U250,user,4edb2c6d
U2500,user,cc7126e0
U2501,user,b6f8152e
U2502,user,999e6a23
U2503,user,1c6e684f
U2504,user,dc0bcd4a
U2505,user,2a5102c4
U2506,user,c11d7df0
U2507,user,98a9ff48
U2508,user,8e065f2f
U2509,user,df43b8fd
U251,user,3d8d9b92
U2510,user,32d1d1a5
U2511,user,974448e7
U2512,user,a516138e
U2513,user,8ad021c1
U2514,user,58c7e33c
U2515,user,5f3a2d40
U2516,user,299b41d6
U2517,user,1ee2f21c
U2518,user,f7df561c
U2519,user,2369b524
U252,user,674c2ca7
U2520,user,f5d995ab
U2521,user,8570fba8
U2522,user,3f2e06b9
U2523,user,1e95b767
U2524,user,3205c6e7
U2525,user,49b3e415
U2526,user,ef7cfcde
U2527,user,a61c64f0
U2528,user,20f38fc7
U2529,user,aeae9a49
U253,user,502dc257
U2530,user,38940951
U2531,user,a42b0b31
U2532,user,0086a848
U2533,user,012e0027
U2534,user,346dd363
U2535,user,955503b7
U2536,user,360a4cf4
U2537,user,e877fcc8
U2538,user,ddca5bb5
U2539,user,7efef350
U254,user,c7a70536
U2540,user,0d189b4d
U2541,user,4b8ded6a
U2542,user,c3e92c39
U2543,user,2cb9e35e
U2544,user,d4b1f744
U2545,user,6eaa4a8a
U2546,user,5b1f1ae1
U2547,user,c4ee9ee9
U2548,user,76d5e949
U2549,user,176fdcf2
U255,user,6af1940c
U2550,user,97b0e389
U2551,user,8fb3a4ef
U2552,user,224671e7
U2553,user,74c70831
U2554,user,3ac05a96
U2555,user,a1039cda
U2556,user,f12251bc
U2557,user,6f7652a1
U2558,user,e918f406
U2559,user,da295f2c
U256,user,8d787ec3
U2560,user,b4526ce1
U2561,user,6812e210
U2562,user,0d00511d
U2563,user,5e8ff52c
U2564,user,d1789812
U2565,user,34d1fd55
U2566,user,afbc1ef7
U2567,user,904d2611
U2568,user,002cdc1e
U2569,user,43101767
U257,user,1c6621df
U2570,user,4137e78d
U2571,user,f480cf76
U2572,user,8247202c
U2573,user,63bf1b91
U2574,user,3d273cba
U2575,user,3b7b9f3b
U2576,user,7ff34b29
U2577,user,d51d65ac
U2578,user,1b7a8a87
U2579,user,7fab80a1
U258,user,1f6148aa
U2580,user,cc55fe31
U2581,user,9a47e365
U2582,user,1f339c5a
U2583,user,d067bf0f
U2584,user,3102ce9a
U2585,user,b4ce22e4
U2586,user,089884da
U2587,user,ad4702f6
U2588,user,61b3dcc9
U2589,user,c952b07b
U259,user,66fcb860
U2590,user,5eec9685
U2591,user,f6058c0e
U2592,user,21238a8b
U2593,user,06b812c3
U2594,user,7464de7e
U2595,user,d18cce3f
U2596,user,862f5edf
U2597,user,dd6c3942
U2598,user,72efd682
U2599,user,bdbc10e4
U260,user,65499f1f
U2600,user,782a7183
U2601,user,886537b9
U2602,user,800fc1eb
U2603,user,5a3bed61
U2604,user,5507e36c
U2605,user,82949971
U2606,user,1bfceafe
U2607,user,561f1c61
U2608,user,f58d1cc3
U2609,user,2036b1ab
U261,user,f36d66d4
U2610,user,a8e4afbe
U2611,user,f1a2d9d8
U2612,user,f651720e
U2613,user,18bc45f2
U2614,user,373d654d
U2615,user,9f603557
U2616,user,47408e51
U2617,user,d5e49c9e
U2618,user,2b768e0f
U2619,user,2dc7e720
U262,user,d776f35c
U2620,user,f75f658b
U2621,user,b43b9df7
U2622,user,4d73a238
U2623,user,2ceb7773
U2624,user,ffbf4921
U2625,user,e5814a4d
U2626,user,84e095bd
U2627,user,59f23b28
U2628,user,899f30c9
U2629,user,cbca3cc4
U263,user,adb549a0
U2630,user,2bc801a4
U2631,user,b5f4223a
U2632,user,52f45236
U2633,user,d19f8aec
U2634,user,8c096b92
U2635,user,478fb26a
U2636,user,38c16f8f
U2637,user,8d461943
U2638,user,dcafb21a
U2639,user,b99fc474
U264,user,205f7d97
U2640,user,f667b715
U2641,user,fb4ffb00
U2642,user,a4641f76
U2643,user,cc43eb18
U2644,user,e0fcec9f
U2645,user,0b879479
U2646,user,37b1d15a
U2647,user,929698a9
U2648,user,fe8f7935
U2649,user,f699fc0b
U265,user,4fbf4dbd
U2650,user,f1f8a514
U2651,user,3b9048a4
U2652,user,16774911
U2653,user,9e4fe578
U2654,user,e436f707
U2655,user,0f80caf2
U2656,user,282735cd
U2657,user,6737c1fe
U2658,user,a7a7ed2e
U2659,user,f13e8cd4
U266,user,ed078d86
U2660,user,21e7aa9d
U2661,user,26cc57f9
U2662,user,1909238b
U2663,user,c5b3835b
U2664,user,643d864a
U2665,user,d32556c0
U2666,user,37be750c
U2667,user,492f3912
U2668,user,fb0d7e1a
U2669,user,689dccc5
U267,user,8bbaba3b
U2670,user,f81d7ed6
U2671,user,13c53a65
U2672,user,646b4c99
U2673,user,f756bfe4
U2674,user,31115733
U2675,user,75a875d6
U2676,user,8dbb5659
U2677,user,99ec2789
U2678,user,706b365c
U2679,user,c25bd0d9
U268,user,6363e022
U2680,user,62f19c64
U2681,user,27b4b308
U2682,user,1551b89a
U2683,user,8d7958bf
U2684,user,1c18f6ab
U2685,user,3373a83c
U2686,user,16ae3d8d
U2687,user,4acceb10
U2688,user,df5daff5
U2689,user,d97e735c
U269,user,fb6e7e7b
U2690,user,521180f2
U2691,user,bac89196
U2692,user,a258bfe4
U2693,user,0fb3ea1e
U2694,user,4abeb984
U2695,user,70285448
U2696,user,17f4286a
U2697,user,f5aaa399
U2698,user,10fa5fb3
U2699,user,3bec5bd1
U270,user,75adeb94
U2700,user,c58727d0
U2701,user,51905725
U2702,user,7eb14862
U2703,user,39ff3f73
U2704,user,df4f5ac9
U2705,user,92196162
U2706,user,3bed0e61
U2707,user,3caedb9c
U2708,user,5603f977
U2709,user,ad635f0e
U271,user,b09d4de5
U2710,user,ceabd77b
U2711,user,11ab826c
U2712,user,7374af53
U2713,user,ca911837
U2714,user,0f6ea27d
U2715,user,df3cccd9
U2716,user,c5163cf6
U2717,user,2684bd47
U2718,user,4110fd7b
U2719,user,f82da001
U272,user,35926023
U2720,user,cf6dff04
U2721,user,40af1b04
U2722,user,5792b0d0
U2723,user,d458c457
U2724,user,de27a520
U2725,user,f8731ba6
U2726,user,f6d6ab2a
U2727,user,d9b68407
U2728,user,4d9999ea
U2729,user,003e5f8d
U273,user,2bf8a8d6
U2730,user,5ddb4c08
U2731,user,39c2da26
U2732,user,38756ede
U2733,user,146559a2
U2734,user,86954117
U2735,user,141de181
U2736,user,e696fbba
U2737,user,a69a7183
U2738,user,25841d87
U2739,user,e81e7fde
U274,user,7adb79fc
U2740,user,418065b9
U2741,user,d2cc9edb
U2742,user,dd60770f
U2743,user,d5a29773
U2744,user,6b3c89c6
U2745,user,7d92eaa8
U2746,user,fb7d3b31
U2747,user,1536e54c
U2748,user,28765011
U2749,user,1d21b33b
U275,user,d8505545
U2750,user,6e2dfd46
U2751,user,f2139e9d
U2752,user,0afba60b
U2753,user,6dc0ad58
U2754,user,ea40b0dd
U2755,user,ab815dc0
U2756,user,9d6c8ce3
U2757,user,d54065df
U2758,user,82dc4bf0
U2759,user,a0c2a68c
U276,user,ee59cae7
U2760,user,5bcd4712
U2761,user,d60747ae
U2762,user,33315ebe
U2763,user,a5ffc8ce
U2764,user,a776aecf
U2765,user,ddd18546
U2766,user,d9a88daf
U2767,user,ed506681
U2768,user,c001b928
U2769,user,3f888f48
U277,user,1eb62f1f
U2770,user,beef04d5
U2771,user,db6e021a
U2772,user,ab6c87cc
U2773,user,1971bc46
U2774,user,7ef11dee
U2775,user,758bf129
U2776,user,2ec96c66
U2777,user,dfe7592c
U2778,user,677146f7
U2779,user,1ec9d597
U278,user,40ba0ab7
U2780,user,b2168402
U2781,user,92b496cf
U2782,user,e9d55149
U2783,user,ed3203b6
U2784,user,a81628cd
U2785,user,b2c1e964
U2786,user,b50f50d9
U2787,user,e8355e1c
U2788,user,ba3c20fa
U2789,user,aac77c34
U279,user,2dd5fbc8
U2790,user,c916addf
U2791,user,ce11a5ce
U2792,user,394ece5f
U2793,user,25362f50
U2794,user,e65ea096
U2795,user,d3973f94
U2796,user,e9e241da
U2797,user,e42fadb9
U2798,user,28f37d88
U2799,user,d645e54c
U280,user,06c456bc
U2800,user,cb0c0067
U2801,user,7b798285
U2802,user,b43dc5a1
U2803,user,cb3ab696
U2804,user,7c3a2089
U2805,user,5acf8863
U2806,user,8a264a04
U2807,user,8f6f3d14
U2808,user,79dfea6c
U2809,user,931e12a4
U281,user,6a5c8645
U2810,user,957fb845
U2811,user,ccababd8
U2812,user,65a80418
U2813,user,72782199
U2814,user,20383867
U2815,user,a43dd737
U2816,user,9646091e
U2817,user,3af8ef56
U2818,user,fcf03e38
U2819,user,01145e7f
U282,user,a002c303
U2820,user,f879b5b9
U2821,user,12c673ec
U2822,user,cad6a240
U2823,user,4695c557
U2824,user,28dbe4d7
U2825,user,f0131a5a
U2826,user,cce41f87
U2827,user,dcffc059
U2828,user,ab372b85
U2829,user,16b0dfdd
U283,user,d0d2ae39
U2830,user,124f3082
U2831,user,47c6422e
U2832,user,ccf4ceb6
U2833,user,df6790cd
U2834,user,77ff15bb
U2835,user,20142bcb
U2836,user,91189339
U2837,user,b29a1be1
U2838,user,5b7e92be
U2839,user,54330228
U284,user,d0e814e0
U2840,user,cb7c6753
U2841,user,74d3c063
U2842,user,fff8b008
U2843,user,1c48dc07
U2844,user,2ffa0ae3
U2845,user,6925255a
U2846,user,0f87998f
U2847,user,e4cba640
U2848,user,9c48fa7b
U2849,user,d384cb2d
U285,user,ae4eafa9
U2850,user,52b1b556
U2851,user,ef272190
U2852,user,25bdaf44
U2853,user,aa43a7d8
U2854,user,9367c92e
U2855,user,db05d9f0
U2856,user,80f42bd3
U2857,user,60b12071
U2858,user,32c526d4
U2859,user,1d1a9fe0
U286,user,53853fd0
U2860,user,446bdf00
U2861,user,a7f95c79
U2862,user,1c018045
U2863,user,837f371e
U2864,user,c3c54c7e
U2865,user,2e4f780f
U2866,user,8b940062
U2867,user,69bedc97
U2868,user,a88f9f51
U2869,user,7e9767ee
U287,user,901bed01
U2870,user,0044bfb6
U2871,user,7e807bdb
U2872,user,0f4e2779
U2873,user,1ab0b340
U2874,user,acd6f6f5
U2875,user,d5653fce
U2876,user,40a6f3c2
U2877,user,3fa227b4
U2878,user,a40b87a4
U2879,user,a6572ccf
U288,user,c018dfbc
U2880,user,bc13df1f
U2881,user,88c7dec1
U2882,user,a6aa32b7
U2883,user,e4e06ed1
U2884,user,9cdb2409
U2885,user,5c1441b5
U2886,user,2a5718e9
U2887,user,8a402382
U2888,user,eb2a0aea
U2889,user,ea9d773b
U289,user,1ecf5702
U2890,user,88f2db27
U2891,user,6d83526f
U2892,user,1247bda9
U2893,user,d9b59c2e
U2894,user,faccf11e
U2895,user,4d757332
U2896,user,7db2cff2
U2897,user,34a40613
U2898,user,414c0f62
U2899,user,76557320
U290,user,2b276dc7
U2900,user,edbc57ac
U2901,user,07a03ce1
U2902,user,c7de7e31
U2903,user,33e701b2
U2904,user,95fb7cc9
U2905,user,3f153216
U2906,user,9d267c24
U2907,user,f6935ac9
U2908,user,1edfbe1c
U2909,user,7ff49b9d
U291,user,38dbeb6d
U2910,user,a34273db
U2911,user,42f7cc12
U2912,user,b55e6fb1
U2913,user,210fbc14
U2914,user,93203df2
U2915,user,9b4615aa
U2916,user,99ef611f
U2917,user,d657aa85
U2918,user,24e54ffe
U2919,user,c42db565
U292,user,8309021a
U2920,user,51ebdbc0
U2921,user,33647a68
U2922,user,03369f8b
U2923,user,b2fe9992
U2924,user,35e08b24
U2925,user,3fc111f9
U2926,user,1c20d416
U2927,user,54c88f3b
U2928,user,b64e6c34
U2929,user,f1047d6e
U293,user,06a39de2
U2930,user,75145e0b
U2931,user,a4f3ce8a
U2932,user,d6acb0bb
U2933,user,e1bfb5f1
U2934,user,c1b5893f
U2935,user,532a2960
U2936,user,e23b2ee6
U2937,user,65141e6a
U2938,user,ac035e95
U2939,user,5bc774f3
U294,user,4979ebc9
U2940,user,b1e06f78
U2941,user,e6dc3985
U2942,user,b08f772f
U2943,user,1bbf4fe9
U2944,user,a90a8510
U2945,user,3ab2d28c
U2946,user,16e5a352
U2947,user,bccf7469
U2948,user,08a1e4ed
U2949,user,b562f6cb
U295,user,1f4afe78
U2950,user,9a6be720
U2951,user,4f65a573
U2952,user,999ee6aa
U2953,user,2f9483f5
U2954,user,825547b2
U2955,user,686b34dc
U2956,user,13aa595d
U2957,user,a5befd0d
U2958,user,6f8fdcf3
U2959,user,7c61c386
U296,user,99ff5c24
U2960,user,a4b5eb17
U2961,user,48503fef
U2962,user,01bd8163
U2963,user,c4571a27
U2964,user,ce4a1433
U2965,user,155a382f
U2966,user,3443bea6
U2967,user,3cc6f6ae
U2968,user,57b36325
U2969,user,18e43081
U297,user,2988d5bc
U2970,user,3ef10373
U2971,user,23041638
U2972,user,0fbb5a17
U2973,user,27c456b1
U2974,user,6ea2fe9a
U2975,user,9afe0354
U2976,user,66fe0e7c
U2977,user,2a946fb3
U2978,user,c11e02f9
U2979,user,15fa308e
U298,user,06e28657
U2980,user,31bebb2e
U2981,user,d7939f40
U2982,user,eb040c5b
U2983,user,1c972943
U2984,user,30a3055b
U2985,user,11e3eaac
U2986,user,9d08dce6
U2987,user,0df5f851
U2988,user,04250509
U2989,user,0a677c7b
U299,user,9cbe4bb9
U2990,user,ad4f2f08
U2991,user,73557f7a
U2992,user,2304e551
U2993,user,9391c515
U2994,user,bc481070
U2995,user,d192d4a3
U2996,user,551e0553
U2997,user,865d6ff1
U2998,user,a4aa860e
U2999,user,ff091463
U300,user,83d6b85b
U3000,user,5eac975e
U3001,user,84f6064c
U3002,user,5ee10950
U3003,user,de51e667
U3004,user,331dbb22
U3005,user,27ffa041
U3006,user,8aff671c
U3007,user,f79f2fa8
U3008,user,8a9be898
U3009,user,b146c391
U301,user,34e3b4b8
U3010,user,28c89d5e
U3011,user,3f9b425d
U302,user,ee1defa9
U303,user,26078374
U304,user,c34f39f2
U305,user,72d11cba
U306,user,da81617b
U307,user,cfe211ef
U308,user,0142e4c6
U309,user,96207cb3
U310,user,c1b35d0c
U311,user,a90d6910
U312,user,a82a2027
U313,user,73cd37a0
U314,user,5d141375
U315,user,b5f710a5
U316,user,e0851588
U317,user,6845f73b
U318,user,9160072a
U319,user,b4dbaaf7
U320,user,67cbd9c5
U321,user,3c50c8da
U322,user,cd2baa7d
U323,user,c695673a
U324,user,66a4a094
U325,user,f0f12909
U326,user,01bccec0
U327,user,5b551a19
U328,user,95c66f26
U329,user,88d46c36
U330,user,30bcb22f
U331,user,1eb43508
U332,user,38733815
U333,user,0b1a0eff
U334,user,50a306c3
U335,user,7ab47454
U336,user,f5782e41
U337,user,e845d651
U338,user,eb6d2c41
U339,user,f537d78c
U340,user,a2fc6634
U341,user,a0790182
U342,user,edebf1cd
U343,user,43c9cdda
U344,user,6f7bb8f1
U345,user,cf1b7e8b
U346,user,d01fc37e
U347,user,48012b54
U348,user,63c38323
U349,user,5533b928
U350,user,7f7cd78b
U351,user,45751bd1
U352,user,e156d802
U353,user,b96be571
U354,user,42beeddc
U355,user,b9c146be
U356,user,6ac1cafd
U357,user,966baec6
U358,user,d89cb6df
U359,user,7b607e65
U360,user,0c05f802
U361,user,01d28bc5
U362,user,622ef1fa
U363,user,598c0c91
U364,user,f3343556
U365,user,344de472
U366,user,f2db3eab
U367,user,9b45b08c
U368,user,3569acbd
U369,user,77d67afb
U370,user,b4cb0897
U371,user,806f0705
U372,user,5838c28c
U373,user,1295d4b4
U374,user,d81b459a
U375,user,adecf0f6
U376,user,f66e8160
U377,user,a069b503
U378,user,03ea1ce7
U379,user,b15b15fe
U380,user,96407a41
U381,user,27293853
U382,user,2f1b8d49
U383,user,e4eaa5e9
U384,user,6ffe229b
U385,user,d2b4a999
U386,user,ea24fb5f
U387,user,183e56e3
U388,user,d64229d4
U389,user,d573c1dd
U390,user,57a29104
U391,user,b8e33ce0
U392,user,e8baf78f
U393,user,080b4bee
U394,user,4affa20e
U395,user,2d7cf8ee
U396,user,1704e94a
U397,user,e3ba5656
U398,user,daa1c291
U399,user,c38d8454
U400,user,981cc6fa
U401,user,8a5b7cc0
U402,user,a287bd97
U403,user,2b0f6d41
U404,user,b1f9b697
U405,user,72af5fe5
U406,user,09a8bf96
U407,user,9f293b13
U408,user,693130a9
U409,user,6edfe804
U410,user,fa9f1a74
U411,user,0325ab22
U412,user,1d4bc1cc
U413,user,b86a474a
U414,user,a078e2b5
U415,user,1d2235a6
U416,user,d471435d
U417,user,67b0fe74
U418,user,a6d8c6dc
U419,user,24355d38
U420,user,cadd05ff
U421,user,9419f26b
U422,user,3e6b11bc
U423,user,08af5b37
U424,user,093bcc74
U425,user,580e6ff8
U426,user,02b67e84
U427,user,d92639a1
U428,user,21fde36d
U429,user,9385cdc1
U430,user,0a7e6f8c
U431,user,4c2c9363
U432,user,97c1c577
U433,user,d50135e5
U434,user,74b0c4a6
U435,user,67ac3649
U436,user,1df12222
U437,user,8e639123
U438,user,c4a8dd31
U439,user,31da2a8c
U440,user,b0e5a498
U441,user,deb61556
U442,user,5007f308
U443,user,b7638a75
U444,user,f27aa90e
U445,user,f7007105
U446,user,0fdce193
U447,user,6816e662
U448,user,a255081a
U449,user,b3e040e5
U450,user,4be8a147
U451,user,fb7bd669
U452,user,6e97fc36
U453,user,17580dac
U454,user,31f0af30
U455,user,98c6f00d
U456,user,cc7030ba
U457,user,b539bab9
U458,user,7b7003c0
U459,user,5ec22139
U460,user,603d9f0e
U461,user,3887863c
U462,user,0b08b9bf
U463,user,e85f6c47
U464,user,9abd8314
U465,user,66dafd3f
U466,user,05e0a172
U467,user,0e271287
U468,user,b3c4712a
U469,user,05d2e9d8
U470,user,3e8628d0
U471,user,c80dc320
U472,user,bc42fe3d
U473,user,03f11fe8
U474,user,bb7d474f
U475,user,e9bfa957
U476,user,cd647f4a
U477,user,312ee506
U478,user,e61b5342
U479,user,0e96f2f2
U480,user,7028a35c
U481,user,7d551f2c
U482,user,a915abda
U483,user,b2381e02
U484,user,09f83773
U485,user,45a111d4
U486,user,34df37d8
U487,user,6748eb48
U488,user,78ed5b02
U489,user,23e3f0b8
U490,user,fdde4d6c
U491,user,6851015a
U492,user,6d45b7c5
U493,user,7d699182
U494,user,e7509d62
U495,user,83182a1c
U496,user,da37807c
U497,user,1bcf249c
U498,user,7ea0a1f6
U499,user,4d037475
U500,user,aefc61d8
U501,user,aa1f4736
U502,user,e0523dc4
U503,user,a817bc5e
U504,user,72b4ca83
U505,user,57ad9654
U506,user,44db4480
U507,user,73350a01
U508,user,e11f6583
U509,user,dcf00e41
U510,user,bc09a044
U511,user,8430a2af
U512,user,ffce5701
U513,user,8a5a2b48
U514,user,4bdd03c3
U515,user,1e5ac198
U516,user,188fdd74
U517,user,82043c17
U518,user,b7c12df1
U519,user,4cc5a8d5
U520,user,0020ccd3
U521,user,29482018
U522,user,778bcca4
U523,user,1028f22d
U524,user,2cd497d1
U525,user,86ded301
U526,user,9aefd263
U527,user,564a2e86
U528,user,b35b761d
U529,user,5f76a3f0
U530,user,2e2ce766
U531,user,aec80b6a
U532,user,2fd3ea1d
U533,user,f5d3f0d7
U534,user,dc072b0e
U535,user,1dc2c6cc
U536,user,3fd0f156
U537,user,d41948ba
U538,user,acf99ce3
U539,user,3fd41bce
U540,user,192f17d9
U541,user,4c8c47e6
U542,user,2461fee2
U543,user,17c8cdea
U544,user,e6125de6
U545,user,5d1d662a
U546,user,d3a99e1d
U547,user,a0a4637f
U548,user,bfd95e56
U549,user,a2ffbcc6
U550,user,79332a93
U551,user,e12c60e4
U552,user,62220c88
U553,user,da3fd57b
U554,user,ee5046e8
U555,user,3346d393
U556,user,88363e24
U557,user,12f43d08
U558,user,a7f78734
U559,user,a399d3f1
U560,user,cc754f48
U561,user,ebec5cc6
U562,user,26a5dab8
U563,user,b3fbf0f2
U564,user,99cb0cb5
U565,user,85bc3139
U566,user,fa82c613
U567,user,c692f746
U568,user,81a58fc3
U569,user,1e90a545
U570,user,5b280021
U571,user,ba3fb4fb
U572,user,2fbb6823
U573,user,571453ea
U574,user,396b3117
U575,user,25fd7269
U576,user,3b38a0bd
U577,user,39bd0ae7
U578,user,0225e857
U579,user,514d7635
U580,user,8df4cb18
U581,user,ec02f6bb
U582,user,7fe10743
U583,user,471ce205
U584,user,ac20524b
U585,user,98ec2d44
U586,user,89d0a92b
U587,user,f911cc09
U588,user,1e8d1e75
U589,user,510caaf2
U590,user,bd2ff9cf
U591,user,80bc1e0a
U592,user,662b461b
U593,user,2d0cd0df
U594,user,ed15ad6c
U595,user,90bd364c
U596,user,45f01678
U597,user,fb91684c
U598,user,2026ec9f
U599,user,54d74e83
U600,user,750ce85a
U601,user,89d22a60
U602,user,51ac23b7
U603,user,ae764b05
U604,user,d0579ee1
U605,user,e7ecbac9
U606,user,5775545a
U607,user,79abe972
U608,user,c0368cef
U609,user,de657014
U610,user,44e99445
U611,user,5f721bcb
U612,user,3985e9d9
U613,user,a8043025
U614,user,2fe9c90f
U615,user,f3494186
U616,user,fe819f40
U617,user,8424d4dc
U618,user,33d32bcc
U619,user,64c4492e
U620,user,df1b024f
U621,user,55b1016e
U622,user,c9e3b07f
U623,user,25929f83
U624,user,d161b9f0
U625,user,0d1e463a
U626,user,989d8fa9
U627,user,b33f9220
U628,user,c1857700
U629,user,fda80f53
U630,user,3718a630
U631,user,26103f7c
U632,user,e5270ae2
U633,user,36a225af
U634,user,6142bdad
U635,user,c93191d0
U636,user,b828331a
U637,user,3de68e9e
U638,user,c08b148c
U639,user,b9b69a7b
U640,user,f9422612
U641,user,6bbf971d
U642,user,c3e31412
U643,user,a78a9bf4
U644,user,188db0ee
U645,user,3bcffae3
U646,user,6c06cc62
U647,user,9a113467
U648,user,59709bb6
U649,user,478fda43
U650,user,dd7b39ff
U651,user,5cb83125
U652,user,8e649438
U653,user,a065abee
U654,user,f3430993
U655,user,661a427f
U656,user,f9da85cd
U657,user,15ac44dc
U658,user,78404e27
U659,user,bcab874e
U660,user,336a8dbc
U661,user,f72a4d89
U662,user,3c93957f
U663,user,f0b36ff3
U664,user,adb23f64
U665,user,af9dbd8a
U666,user,4bb5a9ca
U667,user,0a9c1416
U668,user,571f353c
U669,user,0fe2dc5c
U670,user,0dab8eb5
U671,user,54b16b07
U672,user,f2b21791
U673,user,b4de8884
U674,user,94a8991d
U675,user,862e7d8a
U676,user,14563663
U677,user,8136488e
U678,user,55d0f4c8
U679,user,6343b66b
U680,user,45ed0e97
U681,user,2331a74e
U682,user,4e0d70cc
U683,user,c7976fd2
U684,user,68ed750e
U685,user,fd8f363e
U686,user,98dd5c5b
U687,user,7d621bdc
U688,user,d1fae88e
U689,user,ea457d82
U690,user,ce6c54a5
U691,user,5d2f238e
U692,user,be29c9ba
U693,user,f27a79c2
U694,user,4293a6e3
U695,user,6b608663
U696,user,2a6c38f2
U697,user,daefcc3e
U698,user,7bc4fb14
U699,user,f941ba29
U700,user,95d598f4
U701,user,847ef61f
U702,user,4b9d7733
U703,user,b3de4a32
U704,user,6a37ac4e
U705,user,1e55639e
U706,user,fd32c4c1
U707,user,e9250834
U708,user,c525fbd1
U709,user,48c435b9
U710,user,dced4db0
U711,user,cd291eba
U712,user,842c2203
U713,user,b74a23ce
U714,user,ff1c9668
U715,user,5a44aa1e
U716,user,f7d6ddef
U717,user,c007e3e8
U718,user,37998613
U719,user,52679c47
U720,user,fd794bb6
U721,user,76a4de6d
U722,user,0905cbb0
U723,user,83f85d74
U724,user,61b005dc
U725,user,c0cc606f
U726,user,70024c32
U727,user,34bf76c5
U728,user,8ceca42f
U729,user,bb02f0a3
U730,user,bdf87719
U731,user,6156e574
U732,user,c4388977
U733,user,acc4cf46
U734,user,c8d4a694
U735,user,7555c544
U736,user,e60fbb8d
U737,user,3793df23
U738,user,ba7ec661
U739,user,825a5257
U740,user,23dc5443
U741,user,f311d643
U742,user,1ccf8257
U743,user,1d34a382
U744,user,c75f1d52
U745,user,14e68208
U746,user,8e6c2f4d
U747,user,dc4664fc
U748,user,c4cb0e6b
U749,user,dfba8253
U750,user,7996aefc
U751,user,4686556f
U752,user,9ac0721f
U753,user,9057bcef
U754,user,86060fe2
U755,user,a59971e1
U756,user,6da0718a
U757,user,925188d8
U758,user,db1df845
U759,user,ba803ebf
U760,user,aa396339
U761,user,cb09edec
U762,user,eeb2640b
U763,user,da804319
U764,user,f25fc6ac
U765,user,fb01abee
U766,user,6b0ba067
U767,user,cf8ba502
U768,user,e7b21689
U769,user,ce370cff
U770,user,25d0576f
U771,user,48fa01d2
U772,user,689a70fa
U773,user,75256ff2
U774,user,21dacdba
U775,user,0e7c7409
U776,user,bd70b7c1
U777,user,0ee36aa2
U778,user,78287a1b
U779,user,ea509928
U780,user,18205136
U781,user,04b9ede6
U782,user,b224aca9
U783,user,e31bea85
U784,user,fc0501e8
U785,user,d4e0f8dc
U786,user,f6a9b5d7
U787,user,901ede31
U788,user,fc77f5ed
U789,user,443214d0
U790,user,1c70490a
U791,user,803013da
U792,user,1ed1e72f
U793,user,a8923781
U794,user,19af66ac
U795,user,959bcc97
U796,user,28e8b246
U797,user,b934f4a1
U798,user,75a5c2ff
U799,user,efc4cc94
U800,user,46b8edbf
U801,user,ad51ddfa
U802,user,c2cfd1b6
U803,user,4d74cf0b
U804,user,317c3284
U805,user,2cbe9d29
U806,user,44032a92
U807,user,0bd92af2
U808,user,ffe7e2d2
U809,user,4ad571f2
U810,user,98e64a3c
U811,user,64f8726f
U812,user,c3273fa9
U813,user,226da6bf
U814,user,1b3b466a
U815,user,b5ee8b99
U816,user,a3a7b884
U817,user,34690f9c
U818,user,0d715a63
U819,user,c5ec6806
U820,user,496ae20a
U821,user,878eea24
U822,user,7c65bc1f
U823,user,ecc0142b
U824,user,8f2a7e1d
U825,user,f74142d7
U826,user,3bf2d529
U827,user,f1679fb9
U828,user,93619047
U829,user,808bf633
U830,user,9a92d218
U831,user,be03d208
U832,user,d0454d6e
U833,user,ddbc3e84
U834,user,7333ec98
U835,user,b0b38355
U836,user,c08ce529
U837,user,d86bab92
U838,user,43083ac0
U839,user,f9f9375e
U840,user,6eec7652
U841,user,4cd105ce
U842,user,5ed19659
U843,user,3fa8fb6e
U844,user,027096ae
U845,user,b1f9435e
U846,user,98a696fa
U847,user,1135d172
U848,user,3d39d786
U849,user,291802ca
U850,user,36e56b39
U851,user,3550c43b
U852,user,52acafdd
U853,user,150b9afe
U854,user,18c92bce
U855,user,0fa68d20
U856,user,45da9af6
U857,user,1393e693
U858,user,d666a195
U859,user,35e835f1
U860,user,56d55b52
U861,user,865d0942
U862,user,86b6286a
U863,user,10453903
U864,user,8e59b615
U865,user,7b1d8eac
U866,user,9260596a
U867,user,8e2f3c2a
U868,user,3a1bb3c7
U869,user,e13dc8ea
U870,user,a25e6dd5
U871,user,54609646
U872,user,7f678991
U873,user,9c0ed2cd
U874,user,9a2f3ce3
U875,user,7fd5c0e8
U876,user,4f933d81
U877,user,7e51f9a9
U878,user,eec3557d
U879,user,4a6bf410
U880,user,1c780f43
U881,user,b88522df
U882,user,714d0296
U883,user,edb205a1
U884,user,252c2b75
U885,user,e128c64d
U886,user,f1d589df
U887,user,9dd7bdf0
U888,user,c8931f4c
U889,user,513c2ccf
U890,user,df12ad67
U891,user,5042925b
U892,user,84fd661f
U893,user,8525d0ed
U894,user,b02713e0
U895,user,8fd58c7b
U896,user,88f57ba4
U897,user,0c0e516f
U898,user,ddc50052
U899,user,17d19d8f
U900,user,fa67e4f4
U901,user,d9d06b77
U902,user,06a2b0d5
U903,user,61c38ddd
U904,user,522a6075
U905,user,c08af811
U906,user,024cf130
U907,user,2919495b
U908,user,9beedefe
U909,user,25a24aa2
U910,user,b6f1fcb0
U911,user,725b58a5
U912,user,cfcff535
U913,user,db4e52c3
U914,user,4aa3cd4a
U915,user,f363234c
U916,user,d85708dd
U917,user,0d55a2b5
U918,user,6ef91867
U919,user,b9e64ef4
U920,user,c33e8960
U921,user,131ad717
U922,user,8523ecbd
U923,user,cdaa80d7
U924,user,024391da
U925,user,022cce67
U926,user,4faf58c1
U927,user,48b687db
U928,user,23461990
U929,user,4ef44bd8
U930,user,f67ed564
U931,user,91419f43
U932,user,164a34d6
U933,user,86b4e580
U934,user,e4845cf6
U935,user,0d08247b
U936,user,2f53e98d
U937,user,97ace67d
U938,user,25994f23
U939,user,6bd9e928
U940,user,1d5e848d
U941,user,32bcf008
U942,user,ac8c0504
U943,user,b5a8f07a
U944,user,0ae46246
U945,user,cd6577bf
U946,user,91c2e504
U947,user,f2a3fd14
U948,user,963e6498
U949,user,83ceba3a
U950,user,337dc25d
U951,user,13714b6e
U952,user,1e6c5fbf
U953,user,80b62991
U954,user,fd4647d6
U955,user,8224aa12
U956,user,f9615c1b
U957,user,b7361d24
U958,user,53ca275a
U959,user,6394a485
U960,user,b685892e
U961,user,e85e30e5
U962,user,b9f5cf85
U963,user,a9858620
U964,user,44f2f6fc
U965,user,16e6a11d
U966,user,219aa229
U967,user,14b84b5d
U968,user,fa1df4f9
U969,user,64ad5d05
U970,user,332b5f9a
U971,user,9775332f
U972,user,0cbfb745
U973,user,f960750b
U974,user,8c806cc9
U975,user,2017bcb6
U976,user,af26b43d
U977,user,cf197e50
U978,user,eaf1d4bd
U979,user,40614389
U980,user,e9d6bce2
U981,user,f83c8a36
U982,user,58cdf848
U983,user,b5eb69eb
U984,user,65e4455e
U985,user,d566cc76
U986,user,739c420b
U987,user,ffba77e0
U988,user,fe42c94b
U989,user,b1c7776a
U990,user,2634d272
U991,user,01ea557a
U992,user,15c61742
U993,user,5f12b7f8
U994,user,5cff3e29
U995,user,46eb1eee
U996,user,1c06f06d
U997,user,f7e424ae
U998,user,7388748f
U999,user,898d19d5
