user_id,n_messages,stat_foi,bert_foi,foi_index,ci95_foi,source,orientation
1197677845,524,98.3,100,98.9,2.1,both,双
963653008,1924,96.5,100,97.7,,both,双
443628409,866,95.1,100,96.8,,both,男娘+双
2159492514,964,99.8,64.0,87.3,0.2,both,
2865728637,542,100.0,57.8,85.2,0.0,both,
3969964584,325,89.3,74.4,84.1,0.2,both,
1046636617,1100,75.0,100,83.8,8.6,both,双
3189511804,1494,69.6,100,80.2,,both,同性恋
1295201561,164,74.7,,74.7,,stat,
1306733102,193,71.6,,71.6,,stat,
1026761217,126,70.4,,70.4,,stat,
2309689596,127,65.8,,65.8,,stat,
2992026817,1858,100.0,0,65.0,,both,
2392304699,700,99.7,0,64.8,,both,
1394876195,85,64.2,,64.2,,stat,
2396044690,98,64.1,,64.1,,stat,
1717582,331,98.4,0,64.0,4.3,both,
3236380896,969,56.6,77.2,63.8,17.5,both,
3405033743,137,63.4,,63.4,,stat,
1346331874,79,63.2,,63.2,,stat,
2047556159,78,63.0,,63.0,,stat,
3211949082,81,62.9,,62.9,,stat,
3175513496,146,61.9,,61.9,,stat,
2871749066,71,61.8,,61.8,,stat,
3486940942,198,61.7,,61.7,,stat,
1359316569,70,61.5,,61.5,,stat,
516370164,70,61.5,,61.5,,stat,
2772883784,64,60.6,,60.6,,stat,
2218332879,63,60.5,,60.5,,stat,
2633083674,12525,38.7,100,60.2,2.2,both,双
1683253039,316,92.6,0,60.2,0.0,both,
2957772437,338,91.0,0,59.1,0.0,both,
2379295254,59,57.6,,57.6,,stat,
1256596164,70,56.5,,56.5,,stat,
3342399928,43,56.4,,56.4,,stat,
2011471689,43,56.4,,56.4,,stat,
2832738334,38,56.3,,56.3,,stat,
1621199290,50,56.3,,56.3,,stat,
3474281929,50,56.3,,56.3,,stat,
2098036275,51,56.2,,56.2,,stat,
2275091518,75,55.6,,55.6,,stat,
1679730202,34,55.5,,55.5,,stat,
3198593440,33,55.4,,55.4,,stat,
819141500,60,55.1,,55.1,,stat,
838969717,243,30.8,100,55.0,0.3,both,
370440143,51,54.8,,54.8,,stat,
3360345621,1141,84.0,0,54.6,0.8,both,
1730842824,27,54.5,,54.5,,stat,
523918949,27,54.5,,54.5,,stat,
1580128746,67,54.4,,54.4,,stat,
1524133065,26,54.3,,54.3,,stat,
769967529,154,54.1,,54.1,,stat,
2960545085,22,53.7,,53.7,,stat,
318210780,20,53.3,,53.3,,stat,
109143408,20,53.3,,53.3,,stat,
3075342269,22,53.3,,53.3,,stat,
258273408,87,52.8,,52.8,,stat,
715272580,87,52.8,,52.8,,stat,
2581570459,17,52.8,,52.8,,stat,
1255353837,17,52.8,,52.8,,stat,
2920974992,14,52.3,,52.3,,stat,
768859825,10,51.7,,51.7,,stat,
2066530468,9,51.5,,51.5,,stat,
3042716668,9,51.5,,51.5,,stat,
2685208252,9,51.5,,51.5,,stat,
2933474490,2956,79.0,0,51.4,0.0,both,
375569635,8059,25.1,100,51.3,0.0,both,男娘+双
3152570185,77,51.2,,51.2,,stat,
2898842718,6,51.0,,51.0,,stat,
2137403764,5,50.8,,50.8,,stat,
3201374145,4,50.7,,50.7,,stat,
3096131624,1,50.2,,50.2,,stat,
2838251598,97,50.2,,50.2,,stat,
1095049312,1,50.2,,50.2,,stat,
1814967597,1,50.2,,50.2,,stat,
1915374928,1,50.2,,50.2,,stat,
3857664008,1,49.8,,49.8,,stat,
3206750249,1,49.8,,49.8,,stat,
3022909483,1,49.8,,49.8,,stat,
2363134035,1,49.8,,49.8,,stat,
3199744085,1,49.8,,49.8,,stat,
1300244579,1,49.8,,49.8,,stat,
2214287461,1,49.8,,49.8,,stat,
3309639790,1,49.8,,49.8,,stat,
168310897,1,49.8,,49.8,,stat,
2971152503,1,49.8,,49.8,,stat,
3839783038,1,49.8,,49.8,,stat,
1429815430,1,49.8,,49.8,,stat,
2096281742,1,49.8,,49.8,,stat,
3843991698,1,49.8,,49.8,,stat,
2906939562,1,49.8,,49.8,,stat,
328233165,1,49.8,,49.8,,stat,
3050606847,1,49.8,,49.8,,stat,
1476425991,1,49.8,,49.8,,stat,
2825232647,1,49.8,,49.8,,stat,
1654247688,1,49.8,,49.8,,stat,
1344223523,1,49.8,,49.8,,stat,
1302829348,1,49.8,,49.8,,stat,
476637481,1,49.8,,49.8,,stat,
1311887667,1,49.8,,49.8,,stat,
2876313917,1,49.8,,49.8,,stat,
2770905437,1,49.8,,49.8,,stat,
1696543071,1,49.8,,49.8,,stat,
2751916390,1,49.8,,49.8,,stat,
815047038,1,49.8,,49.8,,stat,
361906568,1,49.8,,49.8,,stat,
107655586,1,49.8,,49.8,,stat,
402131373,1,49.8,,49.8,,stat,
1969234374,1,49.8,,49.8,,stat,
313668063,1,49.8,,49.8,,stat,
383652341,1,49.8,,49.8,,stat,
1455407613,1,49.8,,49.8,,stat,
1466659326,1,49.8,,49.8,,stat,
1478273559,1,49.8,,49.8,,stat,
2126182939,1,49.8,,49.8,,stat,
2622925346,1,49.8,,49.8,,stat,
2432451108,1,49.8,,49.8,,stat,
3452867113,1,49.8,,49.8,,stat,
2645162546,1,49.8,,49.8,,stat,
870750800,1,49.8,,49.8,,stat,
2457135714,1,49.8,,49.8,,stat,
1643248271,1,49.8,,49.8,,stat,
2605509265,1,49.8,,49.8,,stat,
1033239240,1,49.8,,49.8,,stat,
471585490,1,49.8,,49.8,,stat,
573661912,1,49.8,,49.8,,stat,
2694509307,1,49.8,,49.8,,stat,
2608558852,1,49.8,,49.8,,stat,
3129570076,1,49.8,,49.8,,stat,
3570551592,1,49.8,,49.8,,stat,
3365845834,1,49.8,,49.8,,stat,
2634580819,1,49.8,,49.8,,stat,
870208348,1,49.8,,49.8,,stat,
3178142562,1,49.8,,49.8,,stat,
1690901375,1,49.8,,49.8,,stat,
2141774742,1,49.8,,49.8,,stat,
2016648097,1,49.8,,49.8,,stat,
1391858600,1,49.8,,49.8,,stat,
615689149,1,49.8,,49.8,,stat,
3273354183,1,49.8,,49.8,,stat,
3222180836,1,49.8,,49.8,,stat,
1192369142,1,49.8,,49.8,,stat,
2475148281,1,49.8,,49.8,,stat,
1260885002,1,49.8,,49.8,,stat,
3762347022,1,49.8,,49.8,,stat,
1654463506,1,49.8,,49.8,,stat,
3274263575,1,49.8,,49.8,,stat,
1776413719,1,49.8,,49.8,,stat,
1085084701,1,49.8,,49.8,,stat,
1649626155,1,49.8,,49.8,,stat,
3509208132,1,49.8,,49.8,,stat,
1447134293,1,49.8,,49.8,,stat,
1770628184,1,49.8,,49.8,,stat,
1078205537,1,49.8,,49.8,,stat,
2517292130,1,49.8,,49.8,,stat,
205292669,1,49.8,,49.8,,stat,
2497334418,1,49.8,,49.8,,stat,
2700418201,1,49.8,,49.8,,stat,
3212471492,1,49.8,,49.8,,stat,
1535612102,1,49.8,,49.8,,stat,
2124893405,1,49.8,,49.8,,stat,
1186358507,1,49.8,,49.8,,stat,
1655397613,1,49.8,,49.8,,stat,
359576824,1,49.8,,49.8,,stat,
3025626397,1,49.8,,49.8,,stat,
2221632836,1,49.8,,49.8,,stat,
2905709898,1,49.8,,49.8,,stat,
2984738151,1,49.8,,49.8,,stat,
2372627875,1,49.8,,49.8,,stat,
332989890,1,49.8,,49.8,,stat,
2962814434,1,49.8,,49.8,,stat,
2837292525,1,49.8,,49.8,,stat,
1747314196,1,49.8,,49.8,,stat,
1612529173,1,49.8,,49.8,,stat,
3182405212,1,49.8,,49.8,,stat,
2764502669,1,49.8,,49.8,,stat,
2955708050,1,49.8,,49.8,,stat,
3211171486,1,49.8,,49.8,,stat,
1578765993,1,49.8,,49.8,,stat,
3410183925,1,49.8,,49.8,,stat,
1053107962,1,49.8,,49.8,,stat,
2167607065,1,49.8,,49.8,,stat,
1770630961,1,49.8,,49.8,,stat,
2607822643,1,49.8,,49.8,,stat,
2574358323,1,49.8,,49.8,,stat,
3469950794,1,49.8,,49.8,,stat,
1124951894,1,49.8,,49.8,,stat,
2258034518,1,49.8,,49.8,,stat,
2639443801,1,49.8,,49.8,,stat,
865957733,1,49.8,,49.8,,stat,
177571686,1,49.8,,49.8,,stat,
2537717607,1,49.8,,49.8,,stat,
1872736113,1,49.8,,49.8,,stat,
3411099516,1,49.8,,49.8,,stat,
3464447910,1,49.8,,49.8,,stat,
3313266602,1,49.8,,49.8,,stat,
3984054196,1,49.8,,49.8,,stat,
2077956030,1,49.8,,49.8,,stat,
2967515079,1,49.8,,49.8,,stat,
3251083209,1,49.8,,49.8,,stat,
1215416281,1,49.8,,49.8,,stat,
3459162091,1,49.8,,49.8,,stat,
1733965813,1,49.8,,49.8,,stat,
3230040069,2,49.7,,49.7,,stat,
1335412793,2,49.7,,49.7,,stat,
3522791482,2,49.7,,49.7,,stat,
2898477135,2,49.7,,49.7,,stat,
717340787,2,49.7,,49.7,,stat,
2090135719,2,49.7,,49.7,,stat,
3163809992,2,49.7,,49.7,,stat,
235055323,2,49.7,,49.7,,stat,
2221043945,2,49.7,,49.7,,stat,
1292429571,2,49.7,,49.7,,stat,
1319672117,2,49.7,,49.7,,stat,
3260811582,2,49.7,,49.7,,stat,
2729898310,2,49.7,,49.7,,stat,
1526507854,2,49.7,,49.7,,stat,
2016973143,2,49.7,,49.7,,stat,
1743790449,2,49.7,,49.7,,stat,
1850747255,2,49.7,,49.7,,stat,
2371846523,2,49.7,,49.7,,stat,
1121620349,2,49.7,,49.7,,stat,
1640950184,2,49.7,,49.7,,stat,
2082785707,2,49.7,,49.7,,stat,
2365598130,2,49.7,,49.7,,stat,
591120820,2,49.7,,49.7,,stat,
1984129480,2,49.7,,49.7,,stat,
2948409843,2,49.7,,49.7,,stat,
2657610294,2,49.7,,49.7,,stat,
2926481986,2,49.7,,49.7,,stat,
2544316998,2,49.7,,49.7,,stat,
1976949323,2,49.7,,49.7,,stat,
2864743001,2,49.7,,49.7,,stat,
3114885736,2,49.7,,49.7,,stat,
2926987882,2,49.7,,49.7,,stat,
3514684039,2,49.7,,49.7,,stat,
2751416986,2,49.7,,49.7,,stat,
1627325107,2,49.7,,49.7,,stat,
705422032,2,49.7,,49.7,,stat,
892142294,2,49.7,,49.7,,stat,
3100603151,2,49.7,,49.7,,stat,
2452382514,2,49.7,,49.7,,stat,
334994247,2,49.7,,49.7,,stat,
2908607342,2,49.7,,49.7,,stat,
2393609136,2,49.7,,49.7,,stat,
3628450744,2,49.7,,49.7,,stat,
3372817346,2,49.7,,49.7,,stat,
577283024,2,49.7,,49.7,,stat,
1957762024,2,49.7,,49.7,,stat,
3536585707,2,49.7,,49.7,,stat,
2942096394,2,49.7,,49.7,,stat,
2822611983,2,49.7,,49.7,,stat,
2712253484,2,49.7,,49.7,,stat,
3630670898,2,49.7,,49.7,,stat,
1254700092,2,49.7,,49.7,,stat,
253686882,2,49.7,,49.7,,stat,
1031281769,2,49.7,,49.7,,stat,
2169889906,2,49.7,,49.7,,stat,
2695836817,2,49.7,,49.7,,stat,
2026691756,2,49.7,,49.7,,stat,
1517808818,2,49.7,,49.7,,stat,
1304360148,2,49.7,,49.7,,stat,
1003492579,2,49.7,,49.7,,stat,
3816865038,2,49.7,,49.7,,stat,
2873972044,2,49.7,,49.7,,stat,
1872211308,2,49.7,,49.7,,stat,
1532878220,2,49.7,,49.7,,stat,
2755702157,2,49.7,,49.7,,stat,
1973028240,2,49.7,,49.7,,stat,
3677552024,2,49.7,,49.7,,stat,
487470538,2,49.7,,49.7,,stat,
3378046534,2,49.7,,49.7,,stat,
422237779,2,49.7,,49.7,,stat,
1569859203,2,49.7,,49.7,,stat,
2994716319,2,49.7,,49.7,,stat,
873848505,2,49.7,,49.7,,stat,
196894397,2,49.7,,49.7,,stat,
1249120038,2,49.7,,49.7,,stat,
1061314353,2,49.7,,49.7,,stat,
1431682928,2,49.7,,49.7,,stat,
2939948918,2,49.7,,49.7,,stat,
3121338245,2,49.7,,49.7,,stat,
2513688454,2,49.7,,49.7,,stat,
3340660674,2,49.7,,49.7,,stat,
3088465867,2,49.7,,49.7,,stat,
3783833591,2,49.7,,49.7,,stat,
113870842,2,49.7,,49.7,,stat,
194217991,3,49.5,,49.5,,stat,
504061990,3,49.5,,49.5,,stat,
1115154487,3,49.5,,49.5,,stat,
3359965313,3,49.5,,49.5,,stat,
2246559898,3,49.5,,49.5,,stat,
3064971528,3,49.5,,49.5,,stat,
3529257351,3,49.5,,49.5,,stat,
1813203341,3,49.5,,49.5,,stat,
2260496798,3,49.5,,49.5,,stat,
2698498501,3,49.5,,49.5,,stat,
3115342293,3,49.5,,49.5,,stat,
1021336121,3,49.5,,49.5,,stat,
2799856190,3,49.5,,49.5,,stat,
569064044,3,49.5,,49.5,,stat,
1375566511,3,49.5,,49.5,,stat,
1419045586,3,49.5,,49.5,,stat,
366846723,3,49.5,,49.5,,stat,
292623113,3,49.5,,49.5,,stat,
1641691929,3,49.5,,49.5,,stat,
2500950833,3,49.5,,49.5,,stat,
2605499199,3,49.5,,49.5,,stat,
2912029529,3,49.5,,49.5,,stat,
1663613847,3,49.5,,49.5,,stat,
1767160766,3,49.5,,49.5,,stat,
1470876678,3,49.5,,49.5,,stat,
3048842262,3,49.5,,49.5,,stat,
2220932119,3,49.5,,49.5,,stat,
1063896099,3,49.5,,49.5,,stat,
3155407924,3,49.5,,49.5,,stat,
3844203585,3,49.5,,49.5,,stat,
3109194831,3,49.5,,49.5,,stat,
3428127879,3,49.5,,49.5,,stat,
2455561354,3,49.5,,49.5,,stat,
3491208339,3,49.5,,49.5,,stat,
2206993556,3,49.5,,49.5,,stat,
3263587513,3,49.5,,49.5,,stat,
22594765,3,49.5,,49.5,,stat,
1758377193,3,49.5,,49.5,,stat,
3889001741,3,49.5,,49.5,,stat,
1165638972,3,49.5,,49.5,,stat,
3822544339,3,49.5,,49.5,,stat,
1310430687,3,49.5,,49.5,,stat,
3460562526,3,49.5,,49.5,,stat,
2432751282,3,49.5,,49.5,,stat,
3404054197,3,49.5,,49.5,,stat,
648593159,3,49.5,,49.5,,stat,
1030352690,3,49.5,,49.5,,stat,
1307682674,3,49.5,,49.5,,stat,
2961131384,3,49.5,,49.5,,stat,
3619383163,3,49.5,,49.5,,stat,
3109853083,3,49.5,,49.5,,stat,
2059028439,3,49.5,,49.5,,stat,
1715277890,4,49.4,,49.4,,stat,
1610059852,4,49.4,,49.4,,stat,
2132820072,4,49.4,,49.4,,stat,
3358351641,4,49.4,,49.4,,stat,
361023813,4,49.4,,49.4,,stat,
2441689447,4,49.4,,49.4,,stat,
1421971856,4,49.4,,49.4,,stat,
2987712942,4,49.4,,49.4,,stat,
2743046593,4,49.4,,49.4,,stat,
3537261081,4,49.4,,49.4,,stat,
1291706912,4,49.4,,49.4,,stat,
3136064047,4,49.4,,49.4,,stat,
3140045413,4,49.4,,49.4,,stat,
2268439176,4,49.4,,49.4,,stat,
2020870799,4,49.4,,49.4,,stat,
2050269982,4,49.4,,49.4,,stat,
2630828862,4,49.4,,49.4,,stat,
280945516,4,49.4,,49.4,,stat,
2857653200,4,49.4,,49.4,,stat,
1540602849,4,49.4,,49.4,,stat,
1066781717,4,49.4,,49.4,,stat,
1916238894,4,49.4,,49.4,,stat,
2711278704,4,49.4,,49.4,,stat,
741391575,4,49.4,,49.4,,stat,
1634620632,4,49.4,,49.4,,stat,
1713122524,4,49.4,,49.4,,stat,
2685879549,4,49.4,,49.4,,stat,
3421213950,4,49.4,,49.4,,stat,
1984601493,4,49.4,,49.4,,stat,
1556751965,4,49.4,,49.4,,stat,
3496556249,4,49.4,,49.4,,stat,
2546587356,4,49.4,,49.4,,stat,
2454494994,4,49.4,,49.4,,stat,
2259881867,4,49.4,,49.4,,stat,
1542414308,4,49.4,,49.4,,stat,
3506751736,5,49.2,,49.2,,stat,
2938388734,5,49.2,,49.2,,stat,
2091313430,5,49.2,,49.2,,stat,
2191773974,5,49.2,,49.2,,stat,
827218279,5,49.2,,49.2,,stat,
1753188786,5,49.2,,49.2,,stat,
2352245213,5,49.2,,49.2,,stat,
1976685198,5,49.2,,49.2,,stat,
2601372420,5,49.2,,49.2,,stat,
276185909,5,49.2,,49.2,,stat,
3382252371,5,49.2,,49.2,,stat,
2738424708,5,49.2,,49.2,,stat,
1411877823,5,49.2,,49.2,,stat,
2763054170,5,49.2,,49.2,,stat,
58098780,5,49.2,,49.2,,stat,
2756308289,5,49.2,,49.2,,stat,
2040825278,5,49.2,,49.2,,stat,
3059377663,5,49.2,,49.2,,stat,
3373877108,5,49.2,,49.2,,stat,
484417593,6,49.1,,49.1,,stat,
2457391220,6,49.1,,49.1,,stat,
2012924401,6,49.1,,49.1,,stat,
2012914170,6,49.1,,49.1,,stat,
551703226,6,49.1,,49.1,,stat,
919157563,6,49.1,,49.1,,stat,
2918632355,6,49.1,,49.1,,stat,
1225663461,6,49.1,,49.1,,stat,
3801750523,6,49.1,,49.1,,stat,
1349104839,6,49.1,,49.1,,stat,
2302991665,6,49.1,,49.1,,stat,
2141537659,6,49.1,,49.1,,stat,
565091745,6,49.1,,49.1,,stat,
1119231435,6,49.1,,49.1,,stat,
1208417760,6,49.1,,49.1,,stat,
3569897016,6,49.1,,49.1,,stat,
3137371782,6,49.1,,49.1,,stat,
519859947,6,49.1,,49.1,,stat,
2024386307,6,49.1,,49.1,,stat,
1025505036,6,49.1,,49.1,,stat,
2990886725,6,49.1,,49.1,,stat,
1633349544,6,49.1,,49.1,,stat,
2446557267,7,48.9,,48.9,,stat,
1301862569,7,48.9,,48.9,,stat,
2557651656,7,48.9,,48.9,,stat,
2057335616,7,48.9,,48.9,,stat,
2867958627,7,48.9,,48.9,,stat,
2862783401,7,48.9,,48.9,,stat,
3482880952,7,48.9,,48.9,,stat,
3101803540,7,48.9,,48.9,,stat,
2061904931,7,48.9,,48.9,,stat,
1956572232,7,48.9,,48.9,,stat,
3090048076,7,48.9,,48.9,,stat,
2854196310,7,48.9,,48.9,,stat,
2859527305,7,48.9,,48.9,,stat,
1413901632,7,48.9,,48.9,,stat,
847338913,7,48.9,,48.9,,stat,
1714153180,7,48.9,,48.9,,stat,
2868287400,7,48.9,,48.9,,stat,
2097954867,8,48.8,,48.8,,stat,
664387673,8,48.8,,48.8,,stat,
2983573785,8,48.8,,48.8,,stat,
2785696076,8,48.8,,48.8,,stat,
3496534579,8,48.8,,48.8,,stat,
2129976093,8,48.8,,48.8,,stat,
3461383089,8,48.8,,48.8,,stat,
2070563816,8,48.8,,48.8,,stat,
3556307996,8,48.8,,48.8,,stat,
2948988043,1172,75.0,0,48.8,,both,双
239582673,8,48.8,,48.8,,stat,
2708557384,8,48.8,,48.8,,stat,
912805610,8,48.8,,48.8,,stat,
2260485866,8,48.8,,48.8,,stat,
2530637602,8,48.8,,48.8,,stat,
3144325150,9,48.6,,48.6,,stat,
474790083,9,48.6,,48.6,,stat,
1035825498,9,48.6,,48.6,,stat,
780513678,9,48.6,,48.6,,stat,
3032167091,9,48.6,,48.6,,stat,
1714764517,9,48.6,,48.6,,stat,
2427339520,9,48.6,,48.6,,stat,
3921521449,9,48.6,,48.6,,stat,
2768774146,9,48.6,,48.6,,stat,
1607456429,9,48.6,,48.6,,stat,
2446368569,9,48.6,,48.6,,stat,
3304400858,9,48.6,,48.6,,stat,
3176908892,10,48.5,,48.5,,stat,
1311963314,10,48.5,,48.5,,stat,
1980674366,10,48.5,,48.5,,stat,
2093211983,6095,70.4,7.7,48.5,10.1,both,
2774659614,10,48.5,,48.5,,stat,
1551278665,10,48.5,,48.5,,stat,
2123043464,10,48.5,,48.5,,stat,
731520043,10,48.5,,48.5,,stat,
359978183,10,48.5,,48.5,,stat,
2834417063,10,48.5,,48.5,,stat,
2303813154,10,48.5,,48.5,,stat,
1132770943,518,20.8,100,48.5,0.3,both,
3418785446,10,48.5,,48.5,,stat,
3112851232,10,48.5,,48.5,,stat,
1443639178,10,48.5,,48.5,,stat,
1989980062,10,48.5,,48.5,,stat,
320840096,11,48.3,,48.3,,stat,
213675049,11,48.3,,48.3,,stat,
2017096956,11,48.3,,48.3,,stat,
3139540635,11,48.3,,48.3,,stat,
3154165894,12,48.2,,48.2,,stat,
3089584530,12,48.2,,48.2,,stat,
3041114841,12,48.2,,48.2,,stat,
3312088057,12,48.2,,48.2,,stat,
3500776446,12,48.2,,48.2,,stat,
971494602,12,48.2,,48.2,,stat,
334239262,12,48.2,,48.2,,stat,
1557952100,12,48.2,,48.2,,stat,
2632486732,12,48.2,,48.2,,stat,
2974912735,13,48.0,,48.0,,stat,
3343831509,13,48.0,,48.0,,stat,
3149308400,13,48.0,,48.0,,stat,
2127909363,13,48.0,,48.0,,stat,
355117653,13,48.0,,48.0,,stat,
2628586199,13,48.0,,48.0,,stat,
3561038562,13,48.0,,48.0,,stat,
3230567402,13,48.0,,48.0,,stat,
1919616377,13,48.0,,48.0,,stat,
935114161,13,48.0,,48.0,,stat,
2973709968,13,48.0,,48.0,,stat,
1435332517,13,48.0,,48.0,,stat,
2256125929,13,48.0,,48.0,,stat,
3350976513,14,47.9,,47.9,,stat,
2167816329,14,47.9,,47.9,,stat,
2980635289,14,47.9,,47.9,,stat,
3086619470,14,47.9,,47.9,,stat,
1963142069,14,47.9,,47.9,,stat,
3066852293,14,47.9,,47.9,,stat,
2071284680,14,47.9,,47.9,,stat,
3149791151,14,47.9,,47.9,,stat,
1592012873,15,47.7,,47.7,,stat,
2780529603,15,47.7,,47.7,,stat,
2721649744,15,47.7,,47.7,,stat,
1684184208,15,47.7,,47.7,,stat,
1194251507,15,47.7,,47.7,,stat,
1786412351,15,47.7,,47.7,,stat,
2287914362,15,47.7,,47.7,,stat,
2898002012,16,47.6,,47.6,,stat,
1958581299,107,47.6,,47.6,,stat,
1453845931,16,47.6,,47.6,,stat,
2917019169,16,47.6,,47.6,,stat,
2124957352,16,47.6,,47.6,,stat,
1255653441,17,47.4,,47.4,,stat,
3047872725,17,47.4,,47.4,,stat,
2309951996,17,47.4,,47.4,,stat,
1934965355,17,47.4,,47.4,,stat,
3310842712,17,47.4,,47.4,,stat,
2963608471,17,47.4,,47.4,,stat,
2830825244,17,47.4,,47.4,,stat,
1271605473,18,47.3,,47.3,,stat,
671009847,18,47.3,,47.3,,stat,
3434568972,18,47.3,,47.3,,stat,
2720682032,19,47.1,,47.1,,stat,
839217225,19,47.1,,47.1,,stat,
3510954117,109,47.1,,47.1,,stat,
1542746253,19,47.1,,47.1,,stat,
3375089145,19,47.1,,47.1,,stat,
3542133092,20,46.9,,46.9,,stat,
2680590729,20,46.9,,46.9,,stat,
1218176906,20,46.9,,46.9,,stat,
0,21,46.8,,46.8,,stat,
815241872,21,46.8,,46.8,,stat,
2144895949,21,46.8,,46.8,,stat,
1137219009,21,46.8,,46.8,,stat,
3273348715,21,46.8,,46.8,,stat,
550923929,21,46.8,,46.8,,stat,
964339372,21,46.8,,46.8,,stat,
2457808909,22,46.6,,46.6,,stat,
1990240358,22,46.6,,46.6,,stat,
1403627771,22,46.6,,46.6,,stat,
1373718790,22,46.6,,46.6,,stat,
2664463054,22,46.6,,46.6,,stat,
3646641706,22,46.6,,46.6,,stat,
1307158851,23,46.5,,46.5,,stat,
2775323636,23,46.5,,46.5,,stat,
2281047532,23,46.5,,46.5,,stat,
3080136233,23,46.5,,46.5,,stat,
3512990030,24,46.3,,46.3,,stat,
1665977138,26,46.0,,46.0,,stat,
2282476488,26,46.0,,46.0,,stat,
291644744,26,46.0,,46.0,,stat,
2952216258,26,46.0,,46.0,,stat,
1813651236,26,46.0,,46.0,,stat,
486876012,27,45.9,,45.9,,stat,
3103856427,27,45.9,,45.9,,stat,
3586675483,28,45.7,,45.7,,stat,
55766131,28,45.7,,45.7,,stat,
727590975,29,45.6,,45.6,,stat,
2632319788,29,45.6,,45.6,,stat,
2903913328,29,45.6,,45.6,,stat,
1810803635,29,45.6,,45.6,,stat,
461852726,30,45.4,,45.4,,stat,
3142038499,30,45.4,,45.4,,stat,
1942879534,30,45.4,,45.4,,stat,
3086174232,31,45.3,,45.3,,stat,
3102598541,31,45.3,,45.3,,stat,
2608167684,63,45.1,,45.1,,stat,
2698794273,32,45.1,,45.1,,stat,
761792150,32,45.1,,45.1,,stat,
2298816342,1205,69.4,0,45.1,4.4,both,
3383510892,33,45.0,,45.0,,stat,
2934143347,35,44.7,,44.7,,stat,
2128099887,35,44.7,,44.7,,stat,
1729784739,94,44.5,,44.5,,stat,
2454609295,36,44.5,,44.5,,stat,
2819659340,36,44.5,,44.5,,stat,
2149615065,37,44.4,,44.4,,stat,
3092786685,37,44.4,,44.4,,stat,
997725316,39,44.0,,44.0,,stat,
1459349874,40,43.9,,43.9,,stat,
848935437,40,43.9,,43.9,,stat,
2506353560,40,43.9,,43.9,,stat,
2028798450,41,43.7,,43.7,,stat,
1635604991,43,43.4,,43.4,,stat,
2896319700,43,43.4,,43.4,,stat,
3887840391,44,43.3,,43.3,,stat,
2522720040,45,43.1,,43.1,,stat,
1359074722,46,43.0,,43.0,,stat,
264128713,47,42.8,,42.8,,stat,
1289943440,47,42.8,,42.8,,stat,
1312167436,48,42.7,,42.7,,stat,
3176408669,48,42.7,,42.7,,stat,
1772357652,49,42.5,,42.5,,stat,
2407973786,50,42.4,,42.4,,stat,
941779229,51,42.2,,42.2,,stat,
1328642501,51,42.2,,42.2,,stat,
2434708716,51,42.2,,42.2,,stat,
3038117065,53,41.9,,41.9,,stat,
360504185,57,41.3,,41.3,,stat,
240733212,57,41.3,,41.3,,stat,
3613984924,60,40.8,,40.8,,stat,
1850705118,60,40.8,,40.8,,stat,
399605976,61,40.7,,40.7,,stat,
1372648150,61,40.7,,40.7,,stat,
1813021745,61,40.7,,40.7,,stat,
3093900534,61,40.7,,40.7,,stat,
1153685627,124,40.5,,40.5,,stat,
3590861473,86,40.5,,40.5,,stat,
3300719069,63,40.4,,40.4,,stat,
1950459258,63,40.4,,40.4,,stat,
1434248728,63,40.4,,40.4,,stat,
996142639,63,40.4,,40.4,,stat,
1420074421,64,40.2,,40.2,,stat,
614899551,64,40.2,,40.2,,stat,
2805226872,65,40.1,,40.1,,stat,
2240678047,139,40.0,,40.0,,stat,
1686225786,67,39.8,,39.8,,stat,
1434594208,67,39.8,,39.8,,stat,
3806546559,69,39.5,,39.5,,stat,
2754717141,69,39.5,,39.5,,stat,
1504831653,70,39.3,,39.3,,stat,
121223766,71,39.2,,39.2,,stat,
2848452227,75,38.5,,38.5,,stat,
2456116695,76,38.4,,38.4,,stat,
1649134132,243,58.8,0,38.2,0.1,both,
3848934393,77,38.2,,38.2,,stat,
1243287854,78,38.1,,38.1,,stat,
2789792430,78,38.1,,38.1,,stat,
3343564058,4387,58.5,0,38.0,,both,
75400950,79,37.9,,37.9,,stat,
2187786386,80,37.8,,37.8,,stat,
1692608760,80,37.8,,37.8,,stat,
1206257577,80,37.8,,37.8,,stat,
1052118227,82,37.5,,37.5,,stat,
1252674979,85,37.0,,37.0,,stat,
1535752674,86,36.9,,36.9,,stat,
348105425,87,36.7,,36.7,,stat,
1986993074,87,36.7,,36.7,,stat,
3460193817,89,36.4,,36.4,,stat,
1915964334,239,55.7,0,36.2,8.0,both,
2981609681,92,36.0,,36.0,,stat,
1297578920,92,36.0,,36.0,,stat,
894841302,159,35.7,,35.7,,stat,
2053116169,94,35.6,,35.6,,stat,
1690566527,139,35.2,,35.2,,stat,
3494489531,1568,53.7,0,34.9,,both,
2787348087,102,34.4,,34.4,,stat,
3160582860,108,33.5,,33.5,,stat,
1461233598,108,33.5,,33.5,,stat,
629451839,109,33.4,,33.4,,stat,
1520163187,276,50.4,0,32.8,0.0,both,
1053113173,113,32.7,,32.7,,stat,
284256062,113,32.7,,32.7,,stat,
2497910862,1971,50.1,0,32.6,0.0,both,
2625878289,118,32.0,,32.0,,stat,
2786339319,3012,48.8,0,31.7,0.0,both,
1109865307,131,30.0,,30.0,,stat,
3273142441,176,29.9,,29.9,,stat,
153015434,141,28.5,,28.5,,stat,
1075942968,146,27.7,,27.7,,stat,
1716842937,151,26.9,,26.9,,stat,
972242500,753,41.4,0,26.9,0.0,both,
3021795514,157,26.0,,26.0,,stat,
1306507065,166,24.7,,24.7,,stat,
995002583,170,24.0,,24.0,,stat,
1563184800,171,23.9,,23.9,,stat,
3384346427,173,23.6,,23.6,,stat,
439161815,563,36.1,0,23.5,0.3,both,双
2673619125,5771,35.4,0,23.0,,both,
2032224637,177,23.0,,23.0,,stat,
3299633484,305,35.0,0,22.8,,both,
3585064027,179,22.7,,22.7,,stat,
2603237129,179,22.7,,22.7,,stat,
2375270869,183,22.1,,22.1,,stat,
1399716483,1977,33.4,0,21.7,0.0,both,
2761555701,275,32.8,0,21.3,5.6,both,
1792368625,789,7.1,47.5,21.2,34.2,both,
3820731905,191,20.8,,20.8,,stat,
2713471283,192,20.7,,20.7,,stat,
3202322974,198,19.8,,19.8,,stat,
2843847500,330,4.2,48.5,19.7,1.4,both,
1453224144,470,29.1,0,18.9,1.5,both,
994731751,217,28.8,0,18.7,1.0,both,
1654115451,666,26.6,0,17.3,,both,
1579914298,215,25.2,0,16.4,6.3,both,
2039953725,322,25.0,0,16.2,10.4,both,
1591798171,444,24.9,0,16.2,0.0,both,
2980156716,2961,24.1,0,15.7,,both,
2217751975,685,24.1,0,15.7,0.0,both,
3544142951,378,23.9,0,15.5,,both,
3542441640,219,22.5,0,14.6,,both,
3395457558,643,21.4,0,13.9,1.8,both,
3441452166,1776,21.1,0,13.7,,both,
1395833200,305,20.0,0,13.0,0.0,both,
234300537,202,19.2,0,12.5,0.0,both,
3507606624,203,19.0,0,12.3,0.0,both,
3132722816,318,18.9,0,12.3,4.0,both,
1744316083,240,19.0,0,12.3,0.0,both,
2048295328,207,18.4,0,12.0,1.5,both,
3687436863,244,18.3,0,11.9,20.4,both,
1521768316,1512,17.7,0,11.5,,both,
1502644079,214,17.6,0,11.4,,both,
3615168664,1172,17.4,0,11.3,2.7,both,
1220384810,604,16.7,0,10.9,4.6,both,
2213154584,295,16.8,0,10.9,0.1,both,
843573361,408,16.4,0,10.7,0.1,both,
1965417382,1113,16.2,0,10.5,3.3,both,双
1969079577,225,15.6,0,10.1,0.1,both,
3204748035,471,15.2,0,9.9,0.0,both,
2752727290,1695,15.0,0,9.8,4.5,both,
1710542247,442,14.9,0,9.7,0.0,both,
3667474034,346,14.9,0,9.7,1.4,both,
2564868713,4696,14.8,0,9.6,0.1,both,
1533543086,4995,13.4,2.5,9.6,10.3,both,
3600881346,1257,14.7,0,9.6,2.5,both,
3042290870,426,14.4,0,9.4,0.0,both,
2217452704,334,14.0,0,9.1,0.0,both,
2215395997,239,13.5,0,8.8,12.7,both,
778949261,870,12.7,0,8.3,0.6,both,
2604093609,4007,12.3,0,8.0,0.0,both,
2429967889,4356,11.8,0,7.7,,both,
2956792638,665,11.7,0,7.6,0.0,both,
2803093623,11924,11.1,0,7.2,,both,
1757193004,299,11.0,0,7.2,23.1,both,
1703380767,1107,11.0,0,7.2,6.3,both,
2498419003,256,10.9,0,7.1,3.2,both,
2690901742,256,10.9,0,7.1,0.3,both,
1460302324,684,10.8,0,7.0,0.0,both,
1455830769,308,10.6,0,6.9,2.0,both,
2059500534,544,10.4,0,6.8,,both,
2628621911,635,10.3,0,6.7,,both,
3171166989,261,10.1,0,6.6,0.0,both,
1921151252,1037,9.9,0,6.4,6.6,both,
1517003939,963,9.5,0,6.2,4.7,both,
844793387,971,9.2,0,6.0,0.0,both,
3488095996,662,9.3,0,6.0,0.1,both,
1490494694,6149,8.9,0,5.8,,both,
3470618647,1263,8.8,0,5.7,0.0,both,
1691385599,1998,8.7,0,5.7,0.0,both,
185327596,709,8.3,0,5.4,,both,
2121888461,1447,7.8,0,5.1,,both,
3474710392,451,7.9,0,5.1,,both,
3506136039,784,7.7,0,5.0,,both,
2760992428,394,7.7,0,5.0,,both,
1142604266,1156,7.5,0,4.9,,both,
2587025229,505,7.4,0,4.8,,both,
3510716918,445,7.2,0,4.7,0.0,both,
1640440761,495,6.8,0,4.4,,both,
3457612243,2454,6.5,0,4.2,,both,
1215892967,804,6.0,0,3.9,0.5,both,
2790228256,291,5.6,0,3.6,,both,
1115092215,893,5.5,0,3.6,,both,
2840939122,497,5.4,0,3.5,6.5,both,
1531322158,949,5.4,0,3.5,0.1,both,
1853545312,2650,5.1,0,3.3,4.5,both,
2757698037,455,4.2,0,2.7,21.4,both,
2049014399,409,4.2,0,2.7,4.9,both,
3058166700,1123,4.2,0,2.7,0.0,both,
1803703473,1774,4.2,0,2.7,,both,
2961151375,328,4.2,0,2.7,,both,
1206156741,574,4.2,0,2.7,5.1,both,
3541215132,360,4.2,0,2.7,0.0,both,
