user_id,window_idx,time_start,prob_raw,prob_smooth,n_in_window
1717582,0,1769871672,0.1217,0.1217,100
1717582,1,1772729274,0.0683,0.0931,100
1717582,2,1773123171,0.1222,0.1054,100
1717582,3,1773223665,0.0698,0.0917,31
185327596,0,1778513196,0.0069,0.0069,100
185327596,1,1780916305,0.007,0.007,100
185327596,2,1782789882,0.007,0.007,100
185327596,3,1784246036,0.007,0.007,100
185327596,4,1785343558,0.007,0.007,100
185327596,5,1785344737,0.007,0.007,100
185327596,6,1785346036,0.0071,0.007,100
185327596,7,1786874562,0.007,0.007,9
234300537,0,1778406109,0.0047,0.0047,100
234300537,1,1780913992,0.0048,0.0048,100
234300537,2,1787005319,0.0046,0.0047,2
375569635,0,1778382465,0.9951,0.9951,100
375569635,1,1778429073,0.9951,0.9951,100
375569635,2,1778518081,0.9951,0.9951,100
375569635,3,1778772446,0.9951,0.9951,100
375569635,4,1778986063,0.9951,0.9951,100
375569635,5,1779118160,0.9951,0.9951,100
375569635,6,1779374464,0.9951,0.9951,100
375569635,7,1779583746,0.9951,0.9951,100
375569635,8,1779639869,0.9951,0.9951,100
375569635,9,1779979246,0.9951,0.9951,100
375569635,10,1780142962,0.9951,0.9951,100
375569635,11,1780196168,0.9951,0.9951,100
375569635,12,1780325701,0.9951,0.9951,100
375569635,13,1780501114,0.9951,0.9951,100
375569635,14,1780652279,0.9951,0.9951,100
375569635,15,1780737839,0.9951,0.9951,100
375569635,16,1780804586,0.9951,0.9951,100
375569635,17,1780909675,0.9951,0.9951,100
375569635,18,1780997028,0.9951,0.9951,100
375569635,19,1781171228,0.9951,0.9951,100
375569635,20,1781253336,0.9951,0.9951,100
375569635,21,1781400832,0.9951,0.9951,100
375569635,22,1781532629,0.995,0.9951,100
375569635,23,1781715284,0.9851,0.9915,100
375569635,24,1781799852,0.9949,0.9927,100
375569635,25,1781871596,0.9949,0.9935,100
375569635,26,1781969059,0.9949,0.994,100
375569635,27,1782023154,0.9949,0.9943,100
375569635,28,1782142414,0.9949,0.9945,100
375569635,29,1782318746,0.9949,0.9947,100
375569635,30,1782547660,0.9949,0.9948,100
375569635,31,1782656414,0.9949,0.9948,100
375569635,32,1782752175,0.9949,0.9949,100
375569635,33,1782921883,0.9949,0.9949,100
375569635,34,1783215808,0.9949,0.9949,100
375569635,35,1783465341,0.9949,0.9949,100
375569635,36,1783660644,0.9949,0.9949,100
375569635,37,1783755600,0.9949,0.9949,100
375569635,38,1783784006,0.9949,0.9949,100
375569635,39,1783825621,0.9949,0.9949,100
375569635,40,1783846963,0.9949,0.9949,100
375569635,41,1783851764,0.9949,0.9949,100
375569635,42,1783906388,0.9949,0.9949,100
375569635,43,1783954924,0.9949,0.9949,100
375569635,44,1784030635,0.9949,0.9949,100
375569635,45,1784128749,0.9949,0.9949,100
375569635,46,1784198104,0.9949,0.9949,100
375569635,47,1784266542,0.9949,0.9949,100
375569635,48,1784345820,0.9949,0.9949,100
375569635,49,1784428723,0.9949,0.9949,100
375569635,50,1784466164,0.9949,0.9949,100
375569635,51,1784545781,0.9949,0.9949,100
375569635,52,1784626114,0.9949,0.9949,100
375569635,53,1784640981,0.9949,0.9949,100
375569635,54,1784718186,0.9949,0.9949,100
375569635,55,1784770532,0.9949,0.9949,100
375569635,56,1784808954,0.9949,0.9949,100
375569635,57,1784941790,0.9949,0.9949,100
375569635,58,1784975933,0.9949,0.9949,100
375569635,59,1785036853,0.9949,0.9949,100
375569635,60,1785110434,0.9949,0.9949,100
375569635,61,1785155189,0.9949,0.9949,100
375569635,62,1785216733,0.9949,0.9949,100
375569635,63,1785310915,0.9949,0.9949,100
375569635,64,1785413637,0.9949,0.9949,100
375569635,65,1785595639,0.9949,0.9949,100
375569635,66,1785687758,0.9949,0.9949,100
375569635,67,1785756800,0.9949,0.9949,100
375569635,68,1785856740,0.9949,0.9949,100
375569635,69,1785911008,0.9949,0.9949,100
375569635,70,1786013236,0.9949,0.9949,100
375569635,71,1786161622,0.9949,0.9949,100
375569635,72,1786273264,0.9949,0.9949,100
375569635,73,1786367391,0.9949,0.9949,100
375569635,74,1786533722,0.9949,0.9949,100
375569635,75,1786615496,0.9949,0.9949,100
375569635,76,1786685146,0.9949,0.9949,100
375569635,77,1786792325,0.9949,0.9949,100
375569635,78,1786898854,0.9949,0.9949,100
375569635,79,1787053885,0.9949,0.9949,100
375569635,80,1787141574,0.9949,0.9949,59
439161815,0,1779166844,0.1823,0.1823,100
439161815,1,1782473165,0.1812,0.1817,100
439161815,2,1784366282,0.1852,0.1832,100
439161815,3,1784982266,0.1869,0.1846,100
439161815,4,1785946690,0.1876,0.1857,100
439161815,5,1786424491,0.1836,0.1849,63
443628409,0,1787034762,0.9957,0.9957,100
443628409,1,1787044049,0.9956,0.9957,100
443628409,2,1787048234,0.9956,0.9956,100
443628409,3,1787051437,0.9956,0.9956,100
443628409,4,1787060533,0.9956,0.9956,100
443628409,5,1787108145,0.9956,0.9956,100
443628409,6,1787118685,0.9957,0.9956,100
443628409,7,1787137511,0.9956,0.9956,100
443628409,8,1787146512,0.9956,0.9956,66
778949261,0,1778390570,0.0056,0.0056,100
778949261,1,1778995522,0.0057,0.0057,100
778949261,2,1779411333,0.0057,0.0057,100
778949261,3,1780251476,0.0057,0.0057,100
778949261,4,1780890537,0.0189,0.0106,100
778949261,5,1781199283,0.0199,0.0139,100
778949261,6,1781795909,0.0052,0.0108,100
778949261,7,1782743106,0.0052,0.0088,100
778949261,8,1785122186,0.0053,0.0075,70
838969717,0,1778924729,0.909,0.909,100
838969717,1,1780928243,0.9126,0.9109,100
838969717,2,1785408774,0.9127,0.9117,43
843573361,0,1781715290,0.0056,0.0056,100
843573361,1,1785643429,0.0057,0.0057,100
843573361,2,1785858366,0.006,0.0058,100
843573361,3,1786388811,0.0063,0.006,100
843573361,4,1787135685,0.005,0.0056,8
844793387,0,1782104090,0.0071,0.0071,100
844793387,1,1782360649,0.0072,0.0072,100
844793387,2,1783086244,0.0072,0.0072,100
844793387,3,1783615612,0.0073,0.0072,100
844793387,4,1784262740,0.0073,0.0072,100
844793387,5,1784437492,0.0073,0.0073,100
844793387,6,1784647686,0.007,0.0072,100
844793387,7,1785224992,0.007,0.0071,100
844793387,8,1785823549,0.0073,0.0072,100
844793387,9,1786339578,0.0073,0.0072,71
963653008,0,1778406488,0.995,0.995,100
963653008,1,1778763383,0.995,0.995,100
963653008,2,1779207994,0.995,0.995,100
963653008,3,1779626951,0.995,0.995,100
963653008,4,1779949986,0.9951,0.995,100
963653008,5,1780133758,0.995,0.995,100
963653008,6,1780375359,0.995,0.995,100
963653008,7,1780629425,0.995,0.995,100
963653008,8,1781055356,0.995,0.995,100
963653008,9,1781744603,0.9949,0.995,100
963653008,10,1782301328,0.9951,0.995,100
963653008,11,1782660483,0.9952,0.9951,100
963653008,12,1783251477,0.9951,0.9951,100
963653008,13,1783788409,0.9951,0.9951,100
963653008,14,1784543043,0.9952,0.9951,100
963653008,15,1785293242,0.9952,0.9952,100
963653008,16,1785582253,0.9952,0.9952,100
963653008,17,1785778701,0.9951,0.9951,100
963653008,18,1786375863,0.995,0.9951,100
963653008,19,1786785842,0.995,0.9951,24
972242500,0,1778390604,0.0052,0.0052,100
972242500,1,1779289022,0.0052,0.0052,100
972242500,2,1780230085,0.0054,0.0053,100
972242500,3,1781278124,0.0054,0.0053,100
972242500,4,1783566566,0.0056,0.0054,100
972242500,5,1784625892,0.0055,0.0054,100
972242500,6,1785809820,0.0055,0.0055,100
972242500,7,1786898392,0.0053,0.0054,53
994731751,0,1787034828,0.0175,0.0175,100
994731751,1,1787068304,0.0069,0.0119,100
994731751,2,1787149031,0.0069,0.0098,17
1046636617,0,1778466770,0.7788,0.7788,100
1046636617,1,1778831616,0.8286,0.8055,100
1046636617,2,1779124428,0.8007,0.8035,100
1046636617,3,1780284672,0.7638,0.7882,100
1046636617,4,1782367520,0.973,0.8563,100
1046636617,5,1783509118,0.9703,0.8976,100
1046636617,6,1784439539,0.9709,0.924,100
1046636617,7,1785087856,0.9706,0.9407,100
1046636617,8,1785734578,0.973,0.9523,100
1046636617,9,1785994651,0.9746,0.9603,100
1046636617,10,1786822020,0.9741,0.9652,100
1115092215,0,1782084274,0.0087,0.0087,100
1115092215,1,1782465166,0.0088,0.0088,100
1115092215,2,1783083196,0.0087,0.0088,100
1115092215,3,1783478127,0.0087,0.0088,100
1115092215,4,1784276102,0.0088,0.0088,100
1115092215,5,1785117550,0.0087,0.0087,100
1115092215,6,1785810205,0.0087,0.0087,100
1115092215,7,1786256729,0.0087,0.0087,100
1115092215,8,1786938657,0.0086,0.0087,93
1132770943,0,1778464303,0.919,0.919,100
1132770943,1,1780645819,0.919,0.919,100
1132770943,2,1781839793,0.9237,0.921,100
1132770943,3,1782910127,0.924,0.9221,100
1132770943,4,1784609475,0.9229,0.9224,100
1132770943,5,1786509864,0.9244,0.9232,18
1142604266,0,1782084141,0.0067,0.0067,100
1142604266,1,1782485907,0.0067,0.0067,100
1142604266,2,1783046818,0.0068,0.0067,100
1142604266,3,1783332153,0.0067,0.0067,100
1142604266,4,1783573524,0.0068,0.0067,100
1142604266,5,1783767711,0.0067,0.0067,100
1142604266,6,1784218760,0.0067,0.0067,100
1142604266,7,1784715964,0.0067,0.0067,100
1142604266,8,1784885456,0.0067,0.0067,100
1142604266,9,1785137913,0.0067,0.0067,100
1142604266,10,1785555828,0.0067,0.0067,100
1142604266,11,1786434511,0.0067,0.0067,56
1197677845,0,1787034582,0.9527,0.9527,100
1197677845,1,1787049085,0.9953,0.9755,100
1197677845,2,1787081610,0.9953,0.9839,100
1197677845,3,1787131765,0.9953,0.9883,100
1197677845,4,1787141968,0.9953,0.9909,100
1197677845,5,1787148068,0.9953,0.9925,24
1206156741,0,1778479713,0.0926,0.0926,100
1206156741,1,1779934964,0.0681,0.0795,100
1206156741,2,1781629723,0.0012,0.0463,100
1206156741,3,1782471790,0.0012,0.029,100
1206156741,4,1784109452,0.0012,0.0187,100
1206156741,5,1786335485,0.0012,0.0123,74
1215892967,0,1778425959,0.0246,0.0246,100
1215892967,1,1779550210,0.0261,0.0254,100
1215892967,2,1780672641,0.0239,0.0248,100
1215892967,3,1781884212,0.0185,0.0224,100
1215892967,4,1782574668,0.02,0.0215,100
1215892967,5,1783264249,0.018,0.0202,100
1215892967,6,1783869865,0.0195,0.02,100
1215892967,7,1784560883,0.0194,0.0197,100
1215892967,8,1785079525,0.0088,0.0158,4
1220384810,0,1778407383,0.1198,0.1198,100
1220384810,1,1779286008,0.0695,0.0929,100
1220384810,2,1780721360,0.0945,0.0936,100
1220384810,3,1781872233,0.0249,0.0672,100
1220384810,4,1783225224,0.025,0.0516,100
1220384810,5,1784611106,0.0253,0.0421,100
1220384810,6,1787026783,0.0246,0.0358,4
1395833200,0,1782118951,0.0057,0.0057,100
1395833200,1,1784208848,0.0059,0.0058,100
1395833200,2,1785373082,0.0058,0.0058,100
1395833200,3,1787104252,0.0056,0.0058,5
1399716483,0,1778383017,0.006,0.006,100
1399716483,1,1778665213,0.0057,0.0059,100
1399716483,2,1779243546,0.0058,0.0058,100
1399716483,3,1779365324,0.0059,0.0059,100
1399716483,4,1780121681,0.006,0.0059,100
1399716483,5,1780387620,0.0059,0.0059,100
1399716483,6,1780585959,0.0058,0.0059,100
1399716483,7,1780917411,0.006,0.0059,100
1399716483,8,1781056690,0.0059,0.0059,100
1399716483,9,1781325052,0.0057,0.0059,100
1399716483,10,1781626691,0.0055,0.0057,100
1399716483,11,1781799846,0.0055,0.0057,100
1399716483,12,1782375902,0.0055,0.0056,100
1399716483,13,1782795566,0.0055,0.0056,100
1399716483,14,1783482179,0.0056,0.0056,100
1399716483,15,1784702128,0.0055,0.0056,100
1399716483,16,1785165529,0.0055,0.0055,100
1399716483,17,1785167102,0.0055,0.0055,100
1399716483,18,1785777905,0.0055,0.0055,100
1399716483,19,1786440267,0.0056,0.0055,77
1453224144,0,1778564645,0.0301,0.0301,100
1453224144,1,1779075994,0.006,0.0172,100
1453224144,2,1780646324,0.0028,0.0111,100
1453224144,3,1781077804,0.0149,0.0125,100
1453224144,4,1782375661,0.0042,0.0095,70
1455830769,0,1787034599,0.0347,0.0347,100
1455830769,1,1787048779,0.0067,0.0197,100
1455830769,2,1787113063,0.0068,0.0143,100
1455830769,3,1787150051,0.0068,0.0114,8
1460302324,0,1778379486,0.0076,0.0076,100
1460302324,1,1780337467,0.0076,0.0076,100
1460302324,2,1781021969,0.0077,0.0076,100
1460302324,3,1781459704,0.0077,0.0077,100
1460302324,4,1782272101,0.0078,0.0077,100
1460302324,5,1785753004,0.0078,0.0077,100
1460302324,6,1786639066,0.0078,0.0078,84
1490494694,0,1778380070,0.0054,0.0054,100
1490494694,1,1778653513,0.0053,0.0053,100
1490494694,2,1778900509,0.0054,0.0054,100
1490494694,3,1779539842,0.0054,0.0054,100
1490494694,4,1779676761,0.0054,0.0054,100
1490494694,5,1779715706,0.0054,0.0054,100
1490494694,6,1779891615,0.0052,0.0053,100
1490494694,7,1780242038,0.0053,0.0053,100
1490494694,8,1780739153,0.0054,0.0053,100
1490494694,9,1780906236,0.0054,0.0054,100
1490494694,10,1780927437,0.0053,0.0053,100
1490494694,11,1781014222,0.0053,0.0053,100
1490494694,12,1781015700,0.0053,0.0053,100
1490494694,13,1781021406,0.0053,0.0053,100
1490494694,14,1781066870,0.0053,0.0053,100
1490494694,15,1781355493,0.0053,0.0053,100
1490494694,16,1781615500,0.0054,0.0053,100
1490494694,17,1781839368,0.0053,0.0053,100
1490494694,18,1781963933,0.0053,0.0053,100
1490494694,19,1781966653,0.0053,0.0053,100
1490494694,20,1781968373,0.0054,0.0053,100
1490494694,21,1781969935,0.0054,0.0054,100
1490494694,22,1781972133,0.0054,0.0054,100
1490494694,23,1782101388,0.0053,0.0054,100
1490494694,24,1782199883,0.0054,0.0054,100
1490494694,25,1782362402,0.0053,0.0053,100
1490494694,26,1782372681,0.0054,0.0054,100
1490494694,27,1782576007,0.0054,0.0054,100
1490494694,28,1782833603,0.0053,0.0054,100
1490494694,29,1782914372,0.0053,0.0054,100
1490494694,30,1783091661,0.0053,0.0053,100
1490494694,31,1783093417,0.0053,0.0053,100
1490494694,32,1783095241,0.0053,0.0053,100
1490494694,33,1783265870,0.0053,0.0053,100
1490494694,34,1783440125,0.0054,0.0053,100
1490494694,35,1783441520,0.0054,0.0054,100
1490494694,36,1783861440,0.0054,0.0054,100
1490494694,37,1783953852,0.0054,0.0054,100
1490494694,38,1784195718,0.0053,0.0054,100
1490494694,39,1784301689,0.0054,0.0054,100
1490494694,40,1784465242,0.0053,0.0054,100
1490494694,41,1784481231,0.0053,0.0054,100
1490494694,42,1784649657,0.0054,0.0054,100
1490494694,43,1785157735,0.0053,0.0054,100
1490494694,44,1785162004,0.0054,0.0054,100
1490494694,45,1785163464,0.0053,0.0053,100
1490494694,46,1785165369,0.0054,0.0054,100
1490494694,47,1785331106,0.0054,0.0054,100
1490494694,48,1785341471,0.0054,0.0054,100
1490494694,49,1785344575,0.0053,0.0054,100
1490494694,50,1785345980,0.0054,0.0054,100
1490494694,51,1785501506,0.0054,0.0054,100
1490494694,52,1785513792,0.0054,0.0054,100
1490494694,53,1785595886,0.0054,0.0054,100
1490494694,54,1785727363,0.0054,0.0054,100
1490494694,55,1786079089,0.0054,0.0054,100
1490494694,56,1786107427,0.0054,0.0054,100
1490494694,57,1786531120,0.0054,0.0054,100
1490494694,58,1786895663,0.0053,0.0054,100
1490494694,59,1786897249,0.0054,0.0054,100
1490494694,60,1787044435,0.0055,0.0054,100
1490494694,61,1787100711,0.0053,0.0054,49
1502644079,0,1782438337,0.0057,0.0057,100
1502644079,1,1783728892,0.0058,0.0058,100
1502644079,2,1787125837,0.0058,0.0058,14
1517003939,0,1778394955,0.1487,0.1487,100
1517003939,1,1779877526,0.0684,0.1057,100
1517003939,2,1781092866,0.072,0.0914,100
1517003939,3,1781516065,0.008,0.0594,100
1517003939,4,1783418373,0.0077,0.0403,100
1517003939,5,1783941266,0.0077,0.0285,100
1517003939,6,1784376324,0.0077,0.021,100
1517003939,7,1785234867,0.0077,0.0163,100
1517003939,8,1785481827,0.0077,0.0132,100
1517003939,9,1786097625,0.0078,0.0113,63
1520163187,0,1778406486,0.0057,0.0057,100
1520163187,1,1779175934,0.0057,0.0057,100
1520163187,2,1781227217,0.0061,0.0059,76
1521768316,0,1782110052,0.005,0.005,100
1521768316,1,1782721931,0.0051,0.005,100
1521768316,2,1782813417,0.005,0.005,100
1521768316,3,1782963211,0.0051,0.005,100
1521768316,4,1783141285,0.0051,0.005,100
1521768316,5,1783309153,0.0051,0.0051,100
1521768316,6,1783573584,0.005,0.005,100
1521768316,7,1783745157,0.0051,0.0051,100
1521768316,8,1784431119,0.005,0.005,100
1521768316,9,1784443059,0.005,0.005,100
1521768316,10,1784444772,0.0051,0.005,100
1521768316,11,1785059488,0.0051,0.0051,100
1521768316,12,1785667818,0.005,0.005,100
1521768316,13,1785909933,0.0051,0.005,100
1521768316,14,1786410283,0.005,0.005,100
1521768316,15,1787137155,0.005,0.005,12
1531322158,0,1778480722,0.0083,0.0083,100
1531322158,1,1780200887,0.0083,0.0083,100
1531322158,2,1780924922,0.0083,0.0083,100
1531322158,3,1781014466,0.0084,0.0083,100
1531322158,4,1781355020,0.0096,0.0088,100
1531322158,5,1782389877,0.0101,0.0093,100
1531322158,6,1782969596,0.0098,0.0095,100
1531322158,7,1783511993,0.0096,0.0095,100
1531322158,8,1785553417,0.0097,0.0096,100
1531322158,9,1786619914,0.0097,0.0096,49
1533543086,0,1778384427,0.4558,0.4558,100
1533543086,1,1778486726,0.5545,0.5087,100
1533543086,2,1778723119,0.472,0.4931,100
1533543086,3,1778807179,0.4089,0.4608,100
1533543086,4,1778854826,0.5022,0.476,100
1533543086,5,1779072173,0.4508,0.4669,100
1533543086,6,1779257982,0.3992,0.4425,100
1533543086,7,1779447615,0.4809,0.4563,100
1533543086,8,1779640027,0.4354,0.4488,100
1533543086,9,1779816353,0.4644,0.4544,100
1533543086,10,1779941145,0.4891,0.4668,100
1533543086,11,1780035967,0.4861,0.4738,100
1533543086,12,1780236639,0.4354,0.46,100
1533543086,13,1780335869,0.4997,0.4742,100
1533543086,14,1780456361,0.5006,0.4837,100
1533543086,15,1780591345,0.4574,0.4742,100
1533543086,16,1780720671,0.4618,0.4698,100
1533543086,17,1780918902,0.4146,0.45,100
1533543086,18,1781004382,0.4033,0.4333,100
1533543086,19,1781068968,0.4706,0.4466,100
1533543086,20,1781109913,0.4748,0.4567,100
1533543086,21,1781241814,0.3835,0.4305,100
1533543086,22,1781412549,0.334,0.3959,100
1533543086,23,1781597066,0.0113,0.2581,100
1533543086,24,1781744682,0.0108,0.1695,100
1533543086,25,1781969528,0.0108,0.1127,100
1533543086,26,1782173373,0.0107,0.0761,100
1533543086,27,1782321489,0.0109,0.0527,100
1533543086,28,1782583557,0.0109,0.0377,100
1533543086,29,1782986882,0.0109,0.0281,100
1533543086,30,1783238793,0.0107,0.0219,100
1533543086,31,1783611784,0.0108,0.0179,100
1533543086,32,1783834556,0.011,0.0154,100
1533543086,33,1783870308,0.011,0.0138,100
1533543086,34,1784051692,0.011,0.0128,100
1533543086,35,1784301326,0.0106,0.012,100
1533543086,36,1784732676,0.0109,0.0116,100
1533543086,37,1784966987,0.011,0.0114,100
1533543086,38,1785216740,0.0105,0.0111,100
1533543086,39,1785341368,0.0109,0.011,100
1533543086,40,1785346884,0.0111,0.011,100
1533543086,41,1785506355,0.0108,0.011,100
1533543086,42,1785687521,0.0113,0.0111,100
1533543086,43,1785836760,0.0111,0.0111,100
1533543086,44,1786107529,0.0109,0.011,100
1533543086,45,1786409007,0.0107,0.0109,100
1533543086,46,1786726359,0.0108,0.0109,100
1533543086,47,1786765338,0.011,0.0109,100
1533543086,48,1786853344,0.0111,0.011,100
1533543086,49,1787053773,0.039,0.021,95
1579914298,0,1778384355,0.0844,0.0844,100
1579914298,1,1779635857,0.023,0.0515,100
1579914298,2,1786300069,0.0067,0.0325,15
1591798171,0,1782084627,0.0058,0.0058,100
1591798171,1,1784645901,0.0059,0.0059,100
1591798171,2,1786956661,0.0059,0.0059,100
1591798171,3,1786957762,0.0058,0.0058,100
1591798171,4,1787127078,0.0056,0.0057,44
1640440761,0,1778474136,0.0009,0.0009,100
1640440761,1,1781053820,0.0009,0.0009,100
1640440761,2,1781575851,0.0008,0.0008,100
1640440761,3,1782722259,0.0008,0.0008,100
1640440761,4,1784646268,0.0008,0.0008,95
1649134132,0,1778414047,0.0053,0.0053,100
1649134132,1,1781099274,0.0043,0.0047,100
1649134132,2,1786013804,0.0045,0.0046,43
1654115451,0,1782138770,0.006,0.006,100
1654115451,1,1782992524,0.006,0.006,100
1654115451,2,1784160935,0.006,0.006,100
1654115451,3,1785035133,0.0061,0.0061,100
1654115451,4,1785723724,0.0061,0.0061,100
1654115451,5,1786273060,0.006,0.0061,100
1654115451,6,1786956197,0.006,0.006,66
1683253039,0,1778487878,0.0068,0.0068,100
1683253039,1,1782567294,0.0071,0.007,100
1683253039,2,1784945042,0.0071,0.007,100
1683253039,3,1786799262,0.0071,0.0071,16
1691385599,0,1778386784,0.0075,0.0075,100
1691385599,1,1778937486,0.0074,0.0075,100
1691385599,2,1779538137,0.0074,0.0074,100
1691385599,3,1780054034,0.0077,0.0075,100
1691385599,4,1780056443,0.0075,0.0075,100
1691385599,5,1780656787,0.0076,0.0075,100
1691385599,6,1781017060,0.0076,0.0076,100
1691385599,7,1781110468,0.0076,0.0076,100
1691385599,8,1781446190,0.0078,0.0077,100
1691385599,9,1781770500,0.0079,0.0077,100
1691385599,10,1782269854,0.008,0.0078,100
1691385599,11,1782346514,0.008,0.0079,100
1691385599,12,1783094423,0.0079,0.0079,100
1691385599,13,1784187190,0.0081,0.008,100
1691385599,14,1785158670,0.008,0.008,100
1691385599,15,1785160446,0.0078,0.0079,100
1691385599,16,1785163318,0.0078,0.0079,100
1691385599,17,1785164603,0.0076,0.0078,100
1691385599,18,1785166224,0.0079,0.0078,100
1691385599,19,1785328920,0.008,0.0079,98
1703380767,0,1778489920,0.1642,0.1642,100
1703380767,1,1779234036,0.1177,0.1393,100
1703380767,2,1779720218,0.1289,0.1349,100
1703380767,3,1781107791,0.1883,0.1554,100
1703380767,4,1781110104,0.0397,0.1128,100
1703380767,5,1782168562,0.0103,0.0756,100
1703380767,6,1782833380,0.0103,0.0521,100
1703380767,7,1782911525,0.0103,0.0371,100
1703380767,8,1783566374,0.0103,0.0275,100
1703380767,9,1784995335,0.0102,0.0213,100
1703380767,10,1786693663,0.0103,0.0173,100
1703380767,11,1786808949,0.0102,0.0148,7
1710542247,0,1778419115,0.0068,0.0068,100
1710542247,1,1779071741,0.0069,0.0068,100
1710542247,2,1781870888,0.0072,0.007,100
1710542247,3,1783094735,0.0072,0.0071,100
1710542247,4,1784716380,0.0073,0.0071,42
1744316083,0,1778459759,0.0095,0.0095,100
1744316083,1,1786297175,0.0095,0.0095,100
1744316083,2,1787069279,0.0096,0.0095,40
1757193004,0,1778782127,0.3248,0.3248,100
1757193004,1,1780588086,0.1671,0.2404,100
1757193004,2,1780760680,0.0251,0.1491,99
1792368625,0,1778390324,0.2486,0.2486,100
1792368625,1,1778738232,0.2637,0.2567,100
1792368625,2,1778832900,0.2921,0.2717,100
1792368625,3,1778863391,0.406,0.3233,100
1792368625,4,1778864421,0.2925,0.3119,100
1792368625,5,1779260228,0.3984,0.3433,100
1792368625,6,1782843111,0.9906,0.5763,100
1792368625,7,1782845604,0.9892,0.7246,89
1803703473,0,1782089916,0.003,0.003,100
1803703473,1,1782304846,0.003,0.003,100
1803703473,2,1782628948,0.003,0.003,100
1803703473,3,1782936197,0.003,0.003,100
1803703473,4,1783305951,0.003,0.003,100
1803703473,5,1783654497,0.003,0.003,100
1803703473,6,1784161875,0.003,0.003,100
1803703473,7,1784437615,0.003,0.003,100
1803703473,8,1784707938,0.003,0.003,100
1803703473,9,1785229068,0.003,0.003,100
1803703473,10,1785664676,0.003,0.003,100
1803703473,11,1785979184,0.003,0.003,100
1803703473,12,1786093795,0.003,0.003,100
1803703473,13,1786267382,0.003,0.003,100
1803703473,14,1786426248,0.003,0.003,100
1803703473,15,1786677270,0.003,0.003,100
1803703473,16,1786946859,0.003,0.003,100
1803703473,17,1787015188,0.003,0.003,74
1853545312,0,1778412870,0.038,0.038,100
1853545312,1,1779814878,0.1792,0.1136,100
1853545312,2,1779876435,0.1091,0.1117,100
1853545312,3,1780035646,0.1211,0.1153,100
1853545312,4,1780242470,0.1792,0.1389,100
1853545312,5,1780285869,0.1543,0.1444,100
1853545312,6,1780332076,0.2939,0.1983,100
1853545312,7,1780333911,0.0675,0.1513,100
1853545312,8,1780335952,0.0722,0.1229,100
1853545312,9,1780391940,0.0855,0.1095,100
1853545312,10,1780761159,0.0826,0.0999,100
1853545312,11,1780763740,0.043,0.0795,100
1853545312,12,1781108994,0.1209,0.0943,100
1853545312,13,1781270289,0.0997,0.0963,100
1853545312,14,1781553148,0.0075,0.0645,100
1853545312,15,1781782960,0.0075,0.0441,100
1853545312,16,1782495783,0.0075,0.031,100
1853545312,17,1782838599,0.0076,0.0226,100
1853545312,18,1783178510,0.0076,0.0172,100
1853545312,19,1783871346,0.0076,0.0137,100
1853545312,20,1784834461,0.0075,0.0115,100
1853545312,21,1785345693,0.0075,0.0101,100
1853545312,22,1785690239,0.0075,0.0092,100
1853545312,23,1785855839,0.0076,0.0086,100
1853545312,24,1786297062,0.0076,0.0082,100
1853545312,25,1786602051,0.0076,0.008,100
1853545312,26,1786902007,0.0076,0.0078,50
1915964334,0,1778479091,0.1121,0.1121,100
1915964334,1,1781113616,0.0757,0.0926,100
1915964334,2,1782375947,0.0093,0.0573,39
1921151252,0,1778396697,0.1566,0.1566,100
1921151252,1,1780339784,0.2027,0.1813,100
1921151252,2,1780692271,0.0705,0.1343,100
1921151252,3,1781671926,0.0064,0.0852,100
1921151252,4,1781849031,0.0064,0.0561,100
1921151252,5,1782344600,0.0064,0.0381,100
1921151252,6,1783090701,0.0064,0.0267,100
1921151252,7,1783162507,0.0065,0.0194,100
1921151252,8,1785060807,0.0063,0.0148,100
1921151252,9,1785159984,0.0065,0.0118,100
1921151252,10,1786772281,0.0064,0.0099,37
1965417382,0,1787034692,0.134,0.134,100
1965417382,1,1787038993,0.0176,0.0717,100
1965417382,2,1787052347,0.008,0.0447,100
1965417382,3,1787054094,0.008,0.0306,100
1965417382,4,1787056735,0.0079,0.0222,100
1965417382,5,1787059637,0.0079,0.017,100
1965417382,6,1787061682,0.0079,0.0137,100
1965417382,7,1787070402,0.0079,0.0117,100
1965417382,8,1787123644,0.0079,0.0103,100
1965417382,9,1787141723,0.0079,0.0095,100
1965417382,10,1787146706,0.0079,0.0089,100
1965417382,11,1787150322,0.0081,0.0086,13
1969079577,0,1778647339,0.0066,0.0066,100
1969079577,1,1780919343,0.0058,0.0062,100
1969079577,2,1784901755,0.0059,0.0061,25
2039953725,0,1780122957,0.1623,0.1623,100
2039953725,1,1780410811,0.0465,0.1003,100
2039953725,2,1783021698,0.0067,0.0606,100
2039953725,3,1783998893,0.0066,0.0399,22
2048295328,0,1778397098,0.023,0.023,100
2048295328,1,1782317123,0.0064,0.0141,100
2048295328,2,1786810897,0.0065,0.0109,7
2049014399,0,1778430164,0.0938,0.0938,100
2049014399,1,1780677431,0.0152,0.0517,100
2049014399,2,1782861324,0.0078,0.0331,100
2049014399,3,1784823892,0.0078,0.0233,100
2049014399,4,1786986681,0.0078,0.0176,9
2059500534,0,1782095483,0.0053,0.0053,100
2059500534,1,1783085818,0.0054,0.0054,100
2059500534,2,1783737506,0.0053,0.0054,100
2059500534,3,1785327643,0.0053,0.0053,100
2059500534,4,1786115382,0.0054,0.0054,100
2059500534,5,1786799113,0.0053,0.0054,44
2093211983,0,1778379397,0.4955,0.4955,100
2093211983,1,1778414475,0.4931,0.4942,100
2093211983,2,1778430376,0.4942,0.4942,100
2093211983,3,1778508894,0.4979,0.4956,100
2093211983,4,1778587775,0.4999,0.4972,100
2093211983,5,1778683023,0.4936,0.4959,100
2093211983,6,1778725818,0.4939,0.4952,100
2093211983,7,1778844185,0.5023,0.4977,100
2093211983,8,1778939186,0.4956,0.497,100
2093211983,9,1779276282,0.4963,0.4967,100
2093211983,10,1779380454,0.5006,0.4981,100
2093211983,11,1779461346,0.4977,0.498,100
2093211983,12,1779539851,0.5071,0.5012,100
2093211983,13,1779599243,0.5033,0.502,100
2093211983,14,1779634618,0.4929,0.4987,100
2093211983,15,1779849120,0.4994,0.499,100
2093211983,16,1779979276,0.4999,0.4993,100
2093211983,17,1780123374,0.5096,0.503,100
2093211983,18,1780209516,0.4964,0.5006,100
2093211983,19,1780310864,0.4888,0.4964,100
2093211983,20,1780402115,0.5009,0.498,100
2093211983,21,1780740538,0.504,0.5001,100
2093211983,22,1780801453,0.4907,0.4968,100
2093211983,23,1780978340,0.4911,0.4947,100
2093211983,24,1781159137,0.4908,0.4933,100
2093211983,25,1781270504,0.4964,0.4944,100
2093211983,26,1781360002,0.4934,0.494,100
2093211983,27,1781490043,0.4924,0.4935,100
2093211983,28,1781534497,0.4989,0.4954,100
2093211983,29,1781536036,0.2761,0.4169,100
2093211983,30,1781574183,0.0102,0.2712,100
2093211983,31,1781618139,0.0102,0.1777,100
2093211983,32,1781778552,0.0097,0.1175,100
2093211983,33,1781871216,0.0102,0.0791,100
2093211983,34,1782018861,0.0102,0.0544,100
2093211983,35,1782267310,0.0104,0.0386,100
2093211983,36,1782310975,0.0104,0.0285,100
2093211983,37,1782394644,0.0105,0.022,100
2093211983,38,1782529381,0.0104,0.0179,100
2093211983,39,1782733618,0.0103,0.0152,100
2093211983,40,1783006886,0.0103,0.0134,100
2093211983,41,1783254056,0.0105,0.0124,100
2093211983,42,1783438937,0.0106,0.0117,100
2093211983,43,1783566366,0.0105,0.0113,100
2093211983,44,1783774011,0.0105,0.011,100
2093211983,45,1783909942,0.0105,0.0108,100
2093211983,46,1784289366,0.0104,0.0107,100
2093211983,47,1784554751,0.0103,0.0106,100
2093211983,48,1784800572,0.0105,0.0105,100
2093211983,49,1784994461,0.0103,0.0104,100
2093211983,50,1784996185,0.0104,0.0104,100
2093211983,51,1785165527,0.0106,0.0105,100
2093211983,52,1785166825,0.0106,0.0105,100
2093211983,53,1785231727,0.0105,0.0105,100
2093211983,54,1785652015,0.0105,0.0105,100
2093211983,55,1785898560,0.0105,0.0105,100
2093211983,56,1786153141,0.0106,0.0106,100
2093211983,57,1786501250,0.0105,0.0105,100
2093211983,58,1786694086,0.0105,0.0105,100
2093211983,59,1786697296,0.0104,0.0105,100
2093211983,60,1786849315,0.0104,0.0105,95
2121888461,0,1778513429,0.0014,0.0014,100
2121888461,1,1779074520,0.0014,0.0014,100
2121888461,2,1779724678,0.0014,0.0014,100
2121888461,3,1780244025,0.0014,0.0014,100
2121888461,4,1780333202,0.0014,0.0014,100
2121888461,5,1780589193,0.0014,0.0014,100
2121888461,6,1780975429,0.0015,0.0015,100
2121888461,7,1782137108,0.0016,0.0015,100
2121888461,8,1783099278,0.0016,0.0016,100
2121888461,9,1783666941,0.0016,0.0016,100
2121888461,10,1784877160,0.0016,0.0016,100
2121888461,11,1785375319,0.0016,0.0016,100
2121888461,12,1785897792,0.0016,0.0016,100
2121888461,13,1786443632,0.0016,0.0016,100
2121888461,14,1786902380,0.0016,0.0016,47
2159492514,0,1778380391,0.5861,0.5861,100
2159492514,1,1778929931,0.5861,0.5861,100
2159492514,2,1779724530,0.5865,0.5863,100
2159492514,3,1781239705,0.5834,0.5851,100
2159492514,4,1782363177,0.5823,0.5841,100
2159492514,5,1783773951,0.5825,0.5835,100
2159492514,6,1784345248,0.5829,0.5833,100
2159492514,7,1784808055,0.5826,0.5831,100
2159492514,8,1785572732,0.5828,0.583,100
2159492514,9,1786243240,0.5826,0.5828,64
2213154584,0,1778463143,0.0052,0.0052,100
2213154584,1,1781438556,0.0058,0.0055,100
2213154584,2,1782913856,0.0057,0.0056,95
2215395997,0,1778547036,0.16,0.16,100
2215395997,1,1781270455,0.0298,0.0903,100
2215395997,2,1784172408,0.008,0.0554,39
2217452704,0,1787036114,0.0071,0.0071,100
2217452704,1,1787056961,0.0071,0.0071,100
2217452704,2,1787110332,0.0071,0.0071,100
2217452704,3,1787122390,0.0069,0.007,34
2217751975,0,1782095278,0.0081,0.0081,100
2217751975,1,1783068710,0.0081,0.0081,100
2217751975,2,1783829062,0.0083,0.0082,100
2217751975,3,1784458727,0.0079,0.0081,100
2217751975,4,1785224644,0.0082,0.0081,100
2217751975,5,1785802876,0.0082,0.0081,100
2217751975,6,1786443657,0.0082,0.0082,85
2298816342,0,1778407181,0.1025,0.1025,100
2298816342,1,1779068122,0.1226,0.1133,100
2298816342,2,1779421936,0.0841,0.1009,100
2298816342,3,1779882703,0.0831,0.0941,100
2298816342,4,1780224012,0.1404,0.1112,100
2298816342,5,1780925636,0.0778,0.0991,100
2298816342,6,1781456219,0.0453,0.0797,100
2298816342,7,1781792036,0.0053,0.053,100
2298816342,8,1782908747,0.0053,0.0359,100
2298816342,9,1783819532,0.0054,0.025,100
2298816342,10,1784808469,0.0054,0.0179,100
2298816342,11,1785635909,0.0053,0.0134,100
2298816342,12,1787136512,0.0053,0.0105,5
2392304699,0,1778414873,0.005,0.005,100
2392304699,1,1778555282,0.0051,0.0051,100
2392304699,2,1779275065,0.0051,0.0051,100
2392304699,3,1781054530,0.005,0.0051,100
2392304699,4,1783172379,0.005,0.005,100
2392304699,5,1785140311,0.005,0.005,100
2392304699,6,1786252557,0.005,0.005,100
2429967889,0,1778408220,0.0072,0.0072,100
2429967889,1,1778464460,0.0073,0.0072,100
2429967889,2,1778552099,0.0071,0.0072,100
2429967889,3,1778635571,0.0072,0.0072,100
2429967889,4,1778757711,0.0073,0.0072,100
2429967889,5,1778818983,0.0072,0.0072,100
2429967889,6,1779128031,0.0072,0.0072,100
2429967889,7,1779261881,0.0072,0.0072,100
2429967889,8,1779383941,0.0073,0.0072,100
2429967889,9,1779589384,0.0073,0.0072,100
2429967889,10,1779726438,0.0071,0.0072,100
2429967889,11,1779840313,0.0071,0.0072,100
2429967889,12,1779936255,0.0071,0.0071,100
2429967889,13,1780027279,0.0071,0.0071,100
2429967889,14,1780232147,0.0071,0.0071,100
2429967889,15,1780361368,0.0071,0.0071,100
2429967889,16,1780589294,0.0071,0.0071,100
2429967889,17,1780799233,0.0071,0.0071,100
2429967889,18,1780964617,0.0071,0.0071,100
2429967889,19,1781015441,0.0071,0.0071,100
2429967889,20,1781196024,0.007,0.0071,100
2429967889,21,1781259513,0.0071,0.0071,100
2429967889,22,1781407709,0.007,0.0071,100
2429967889,23,1781482563,0.0073,0.0071,100
2429967889,24,1781626367,0.0073,0.0072,100
2429967889,25,1781804295,0.0074,0.0073,100
2429967889,26,1782149471,0.0073,0.0073,100
2429967889,27,1782383544,0.0074,0.0073,100
2429967889,28,1782650024,0.0074,0.0073,100
2429967889,29,1782927005,0.0073,0.0073,100
2429967889,30,1783074127,0.0073,0.0073,100
2429967889,31,1783341182,0.0073,0.0073,100
2429967889,32,1783695912,0.0073,0.0073,100
2429967889,33,1783827962,0.0074,0.0074,100
2429967889,34,1783849936,0.0074,0.0074,100
2429967889,35,1783994970,0.0073,0.0073,100
2429967889,36,1784122494,0.0073,0.0073,100
2429967889,37,1784262119,0.0073,0.0073,100
2429967889,38,1784464457,0.0073,0.0073,100
2429967889,39,1784741415,0.0074,0.0073,100
2429967889,40,1785234025,0.0073,0.0073,100
2429967889,41,1785506326,0.0073,0.0073,100
2429967889,42,1786061797,0.0073,0.0073,100
2429967889,43,1786877955,0.0073,0.0073,56
2497910862,0,1778385103,0.0054,0.0054,100
2497910862,1,1778937837,0.0054,0.0054,100
2497910862,2,1779436429,0.0055,0.0054,100
2497910862,3,1779797203,0.0054,0.0054,100
2497910862,4,1780136078,0.0055,0.0055,100
2497910862,5,1780387171,0.0056,0.0055,100
2497910862,6,1780592409,0.0054,0.0055,100
2497910862,7,1780894532,0.0055,0.0055,100
2497910862,8,1781198861,0.0055,0.0055,100
2497910862,9,1781611299,0.006,0.0056,100
2497910862,10,1782136144,0.006,0.0058,100
2497910862,11,1782573631,0.006,0.0059,100
2497910862,12,1783008667,0.0061,0.0059,100
2497910862,13,1783505482,0.006,0.006,100
2497910862,14,1784090910,0.006,0.006,100
2497910862,15,1784608710,0.006,0.006,100
2497910862,16,1785170487,0.006,0.006,100
2497910862,17,1785502606,0.006,0.006,100
2497910862,18,1786103726,0.006,0.006,100
2497910862,19,1786705739,0.006,0.006,71
2498419003,0,1780041031,0.0504,0.0504,100
2498419003,1,1780050497,0.0192,0.0337,100
2498419003,2,1780055609,0.0101,0.0237,56
2564868713,0,1778381232,0.0059,0.0059,100
2564868713,1,1778475019,0.0056,0.0057,100
2564868713,2,1778741154,0.0066,0.0061,100
2564868713,3,1778950128,0.006,0.0061,100
2564868713,4,1779210561,0.015,0.0094,100
2564868713,5,1779451633,0.006,0.0082,100
2564868713,6,1779815168,0.006,0.0074,100
2564868713,7,1779989923,0.0061,0.0069,100
2564868713,8,1780239954,0.006,0.0066,100
2564868713,9,1780481490,0.0063,0.0065,100
2564868713,10,1780800622,0.0063,0.0064,100
2564868713,11,1780917936,0.0061,0.0063,100
2564868713,12,1780997653,0.0061,0.0062,100
2564868713,13,1781014611,0.0062,0.0062,100
2564868713,14,1781016712,0.0101,0.0076,100
2564868713,15,1781113581,0.0063,0.0071,100
2564868713,16,1781239763,0.0065,0.0069,100
2564868713,17,1781356582,0.0094,0.0078,100
2564868713,18,1781441397,0.0059,0.0071,100
2564868713,19,1781616549,0.0057,0.0066,100
2564868713,20,1781698046,0.0056,0.0062,100
2564868713,21,1781886472,0.0056,0.006,100
2564868713,22,1781951274,0.0057,0.0059,100
2564868713,23,1782065393,0.0057,0.0058,100
2564868713,24,1782299679,0.0056,0.0058,100
2564868713,25,1782410074,0.0057,0.0057,100
2564868713,26,1782577436,0.0056,0.0057,100
2564868713,27,1782664715,0.0057,0.0057,100
2564868713,28,1782705035,0.0057,0.0057,100
2564868713,29,1782911578,0.0057,0.0057,100
2564868713,30,1782984500,0.0056,0.0057,100
2564868713,31,1783295896,0.0057,0.0057,100
2564868713,32,1783786415,0.0057,0.0057,100
2564868713,33,1783935953,0.0057,0.0057,100
2564868713,34,1784053618,0.0056,0.0057,100
2564868713,35,1784180055,0.0056,0.0056,100
2564868713,36,1784258564,0.0056,0.0056,100
2564868713,37,1784438255,0.0056,0.0056,100
2564868713,38,1784468517,0.0056,0.0056,100
2564868713,39,1784693698,0.0056,0.0056,100
2564868713,40,1784975636,0.0057,0.0056,100
2564868713,41,1785104339,0.0057,0.0057,100
2564868713,42,1785329060,0.0056,0.0056,100
2564868713,43,1785511137,0.0057,0.0056,100
2564868713,44,1785758487,0.0057,0.0056,100
2564868713,45,1786298597,0.0057,0.0057,100
2564868713,46,1786634037,0.0057,0.0057,96
2587025229,0,1778405660,0.0037,0.0037,100
2587025229,1,1781782839,0.0036,0.0036,100
2587025229,2,1785725187,0.0036,0.0036,100
2587025229,3,1786298277,0.0036,0.0036,100
2587025229,4,1786602253,0.0036,0.0036,100
2587025229,5,1787135943,0.0036,0.0036,5
2604093609,0,1778391189,0.003,0.003,100
2604093609,1,1778548561,0.003,0.003,100
2604093609,2,1778718027,0.003,0.003,100
2604093609,3,1778853557,0.003,0.003,100
2604093609,4,1779182402,0.003,0.003,100
2604093609,5,1779361881,0.0031,0.003,100
2604093609,6,1779531541,0.003,0.003,100
2604093609,7,1779778103,0.003,0.003,100
2604093609,8,1780073608,0.003,0.003,100
2604093609,9,1780484354,0.003,0.003,100
2604093609,10,1780910007,0.003,0.003,100
2604093609,11,1781110276,0.0028,0.0029,100
2604093609,12,1781585697,0.0024,0.0027,100
2604093609,13,1781759986,0.0024,0.0026,100
2604093609,14,1782145725,0.0023,0.0025,100
2604093609,15,1782448284,0.0024,0.0025,100
2604093609,16,1782800435,0.0024,0.0024,100
2604093609,17,1783049253,0.0023,0.0024,100
2604093609,18,1783091847,0.0023,0.0024,100
2604093609,19,1783096249,0.0023,0.0024,100
2604093609,20,1783230840,0.0023,0.0023,100
2604093609,21,1783425952,0.0024,0.0024,100
2604093609,22,1783900430,0.0024,0.0024,100
2604093609,23,1784079623,0.0024,0.0024,100
2604093609,24,1784204315,0.0024,0.0024,100
2604093609,25,1784636546,0.0024,0.0024,100
2604093609,26,1785112186,0.0023,0.0024,100
2604093609,27,1785329621,0.0023,0.0024,100
2604093609,28,1785499765,0.0023,0.0023,100
2604093609,29,1785594852,0.0023,0.0023,100
2604093609,30,1785698162,0.0023,0.0023,100
2604093609,31,1785817097,0.0023,0.0023,100
2604093609,32,1786002733,0.0023,0.0023,100
2604093609,33,1786114517,0.0023,0.0023,100
2604093609,34,1786343041,0.0023,0.0023,100
2604093609,35,1786443617,0.0023,0.0023,100
2604093609,36,1786617326,0.0023,0.0023,100
2604093609,37,1786821633,0.0022,0.0023,100
2604093609,38,1786824907,0.0023,0.0023,100
2604093609,39,1787071724,0.0023,0.0023,100
2604093609,40,1787152276,0.0022,0.0023,7
2628621911,0,1782089710,0.0062,0.0062,100
2628621911,1,1782798299,0.0063,0.0063,100
2628621911,2,1783335552,0.0063,0.0063,100
2628621911,3,1783698470,0.0063,0.0063,100
2628621911,4,1784220569,0.0063,0.0063,100
2628621911,5,1784786196,0.0063,0.0063,100
2628621911,6,1786018653,0.0064,0.0063,35
2633083674,0,1729691034,0.9236,0.9236,100
2633083674,1,1729934488,0.9244,0.924,100
2633083674,2,1730026914,0.9237,0.9239,100
2633083674,3,1734758559,0.9231,0.9236,100
2633083674,4,1772729418,0.9237,0.9236,100
2633083674,5,1773098918,0.9239,0.9237,100
2633083674,6,1773223363,0.9226,0.9233,100
2633083674,7,1778429670,0.9167,0.9209,100
2633083674,8,1778507631,0.915,0.9188,100
2633083674,9,1778570965,0.9159,0.9178,100
2633083674,10,1778589473,0.9179,0.9178,100
2633083674,11,1778641360,0.9173,0.9176,100
2633083674,12,1778654693,0.9113,0.9154,100
2633083674,13,1778685719,0.9164,0.9157,100
2633083674,14,1778810114,0.9179,0.9165,100
2633083674,15,1778853866,0.9177,0.9169,100
2633083674,16,1778896550,0.9123,0.9153,100
2633083674,17,1778948478,0.9124,0.9142,100
2633083674,18,1779033558,0.9139,0.9141,100
2633083674,19,1779074471,0.9122,0.9134,100
2633083674,20,1779095821,0.9125,0.9131,100
2633083674,21,1779170421,0.9151,0.9138,100
2633083674,22,1779211157,0.9149,0.9142,100
2633083674,23,1779276652,0.9158,0.9148,100
2633083674,24,1779340821,0.9142,0.9146,100
2633083674,25,1779436219,0.9144,0.9145,100
2633083674,26,1779446042,0.9197,0.9164,100
2633083674,27,1779510225,0.9147,0.9158,100
2633083674,28,1779640204,0.9168,0.9161,100
2633083674,29,1779699207,0.9164,0.9162,100
2633083674,30,1779808868,0.9172,0.9166,100
2633083674,31,1779861732,0.9128,0.9152,100
2633083674,32,1779970324,0.9172,0.9159,100
2633083674,33,1780043672,0.9159,0.9159,100
2633083674,34,1780074288,0.916,0.9159,100
2633083674,35,1780243438,0.9132,0.915,100
2633083674,36,1780336412,0.9202,0.9168,100
2633083674,37,1780338762,0.919,0.9176,100
2633083674,38,1780378890,0.9155,0.9168,100
2633083674,39,1780422089,0.9104,0.9145,100
2633083674,40,1780589463,0.9149,0.9147,100
2633083674,41,1780596751,0.9128,0.914,100
2633083674,42,1780656345,0.9139,0.914,100
2633083674,43,1780740533,0.9109,0.9128,100
2633083674,44,1780910402,0.917,0.9143,100
2633083674,45,1781003644,0.9176,0.9155,100
2633083674,46,1781074318,0.917,0.916,100
2633083674,47,1781158722,0.917,0.9164,100
2633083674,48,1781261319,0.9178,0.9169,100
2633083674,49,1781430616,0.9164,0.9167,100
2633083674,50,1781535295,0.9211,0.9183,100
2633083674,51,1781612162,0.9237,0.9202,100
2633083674,52,1781757153,0.9229,0.9212,100
2633083674,53,1781798626,0.9233,0.9219,100
2633083674,54,1781847927,0.9237,0.9226,100
2633083674,55,1782010440,0.9238,0.923,100
2633083674,56,1782046437,0.8412,0.8937,100
2633083674,57,1782134551,0.6567,0.8088,100
2633083674,58,1782266363,0.8951,0.8397,100
2633083674,59,1782302475,0.9142,0.8664,100
2633083674,60,1782375237,0.923,0.8867,100
2633083674,61,1782378870,0.9232,0.8998,100
2633083674,62,1782395173,0.9141,0.9049,100
2633083674,63,1782475568,0.6673,0.8198,100
2633083674,64,1782619165,0.8324,0.8243,100
2633083674,65,1782659663,0.9056,0.8534,100
2633083674,66,1782730427,0.9144,0.8753,100
2633083674,67,1782874488,0.9143,0.8893,100
2633083674,68,1782911268,0.9134,0.8979,100
2633083674,69,1783092138,0.9122,0.903,100
2633083674,70,1783171288,0.9239,0.9105,100
2633083674,71,1783251554,0.9238,0.9153,100
2633083674,72,1783265340,0.7222,0.8461,100
2633083674,73,1783422998,0.9056,0.8674,100
2633083674,74,1783588398,0.9236,0.8875,100
2633083674,75,1783615273,0.6753,0.8115,100
2633083674,76,1783692986,0.8234,0.8157,100
2633083674,77,1783916978,0.9143,0.851,100
2633083674,78,1784043280,0.8953,0.8669,100
2633083674,79,1784275926,0.8416,0.8578,100
2633083674,80,1784349959,0.9153,0.8784,100
2633083674,81,1784482309,0.886,0.8811,100
2633083674,82,1784701148,0.9132,0.8926,100
2633083674,83,1784902306,0.9238,0.9038,100
2633083674,84,1784952410,0.9231,0.9107,100
2633083674,85,1785080302,0.9228,0.9151,100
2633083674,86,1785088054,0.8034,0.8751,100
2633083674,87,1785166913,0.9222,0.892,100
2633083674,88,1785251099,0.877,0.8866,100
2633083674,89,1785318378,0.8779,0.8835,100
2633083674,90,1785404007,0.9217,0.8972,100
2633083674,91,1785505861,0.8567,0.8827,100
2633083674,92,1785602190,0.9225,0.8969,100
2633083674,93,1785661141,0.914,0.9031,100
2633083674,94,1785749371,0.8413,0.8809,100
2633083674,95,1785778845,0.914,0.8928,100
2633083674,96,1785821909,0.8871,0.8907,100
2633083674,97,1785863477,0.8687,0.8828,100
2633083674,98,1785926763,0.9234,0.8974,100
2633083674,99,1785948330,0.8849,0.8929,100
2633083674,100,1785990381,0.8682,0.8841,100
2633083674,101,1786076584,0.4654,0.7341,100
2633083674,102,1786105301,0.8314,0.7689,100
2633083674,103,1786156372,0.8499,0.7979,100
2633083674,104,1786201248,0.8409,0.8133,100
2633083674,105,1786334887,0.8584,0.8295,100
2633083674,106,1786344606,0.8405,0.8334,100
2633083674,107,1786375884,0.915,0.8627,100
2633083674,108,1786468101,0.9149,0.8814,100
2633083674,109,1786620045,0.85,0.8702,100
2633083674,110,1786711937,0.922,0.8887,100
2633083674,111,1786727815,0.8951,0.891,100
2633083674,112,1786779278,0.6576,0.8074,100
2633083674,113,1786804958,0.8775,0.8325,100
2633083674,114,1786819322,0.9132,0.8614,100
2633083674,115,1786823358,0.894,0.8731,100
2633083674,116,1786886517,0.923,0.891,100
2633083674,117,1786897515,0.9044,0.8958,100
2633083674,118,1786945995,0.4932,0.7516,100
2633083674,119,1786954956,0.7948,0.7671,100
2633083674,120,1786970255,0.7857,0.7737,100
2633083674,121,1787037251,0.9098,0.8225,100
2633083674,122,1787105068,0.8218,0.8223,100
2633083674,123,1787125415,0.8394,0.8284,100
2633083674,124,1787147482,0.7394,0.7965,100
2633083674,125,1787157174,0.8863,0.8287,25
2673619125,0,1778405201,0.0087,0.0087,100
2673619125,1,1778576823,0.0086,0.0086,100
2673619125,2,1778771837,0.0085,0.0086,100
2673619125,3,1779037383,0.0086,0.0086,100
2673619125,4,1779074262,0.0086,0.0086,100
2673619125,5,1779204979,0.0086,0.0086,100
2673619125,6,1779407871,0.0086,0.0086,100
2673619125,7,1779641902,0.0087,0.0086,100
2673619125,8,1779801002,0.0087,0.0086,100
2673619125,9,1779864794,0.0087,0.0087,100
2673619125,10,1779941914,0.0086,0.0086,100
2673619125,11,1780017895,0.0086,0.0086,100
2673619125,12,1780075190,0.0086,0.0086,100
2673619125,13,1780154040,0.0087,0.0086,100
2673619125,14,1780278817,0.0086,0.0086,100
2673619125,15,1780320016,0.0086,0.0086,100
2673619125,16,1780370286,0.0086,0.0086,100
2673619125,17,1780394525,0.0086,0.0086,100
2673619125,18,1780470172,0.0087,0.0086,100
2673619125,19,1780590684,0.0087,0.0087,100
2673619125,20,1780594018,0.0087,0.0087,100
2673619125,21,1780652755,0.0086,0.0086,100
2673619125,22,1780673809,0.0087,0.0087,100
2673619125,23,1780738573,0.0086,0.0087,100
2673619125,24,1780827206,0.0087,0.0087,100
2673619125,25,1780923952,0.0086,0.0086,100
2673619125,26,1781004435,0.0086,0.0086,100
2673619125,27,1781075145,0.0086,0.0086,100
2673619125,28,1781106052,0.0086,0.0086,100
2673619125,29,1781201268,0.0086,0.0086,100
2673619125,30,1781345940,0.0086,0.0086,100
2673619125,31,1781434452,0.0086,0.0086,100
2673619125,32,1781580577,0.0084,0.0086,100
2673619125,33,1781712310,0.0084,0.0085,100
2673619125,34,1781803779,0.0084,0.0085,100
2673619125,35,1782061085,0.0084,0.0085,100
2673619125,36,1782139215,0.0084,0.0084,100
2673619125,37,1782317108,0.0085,0.0084,100
2673619125,38,1782473542,0.0084,0.0084,100
2673619125,39,1782618129,0.0084,0.0084,100
2673619125,40,1782743434,0.0084,0.0084,100
2673619125,41,1782871504,0.0084,0.0084,100
2673619125,42,1782924643,0.0084,0.0084,100
2673619125,43,1783231186,0.0084,0.0084,100
2673619125,44,1783270160,0.0084,0.0084,100
2673619125,45,1783562052,0.0084,0.0084,100
2673619125,46,1784012128,0.0084,0.0084,100
2673619125,47,1784189987,0.0084,0.0084,100
2673619125,48,1784532037,0.0084,0.0084,100
2673619125,49,1784627752,0.0084,0.0084,100
2673619125,50,1784792778,0.0084,0.0084,100
2673619125,51,1785062326,0.0084,0.0084,100
2673619125,52,1785162018,0.0084,0.0084,100
2673619125,53,1785326590,0.0084,0.0084,100
2673619125,54,1785651706,0.0084,0.0084,100
2673619125,55,1785845734,0.0084,0.0084,100
2673619125,56,1786285649,0.0084,0.0084,100
2673619125,57,1786946860,0.0084,0.0084,71
2690901742,0,1782064275,0.0187,0.0187,100
2690901742,1,1783737767,0.0205,0.0197,100
2690901742,2,1786436484,0.0228,0.021,56
2752727290,0,1778379348,0.1339,0.1339,100
2752727290,1,1778911925,0.0839,0.1071,100
2752727290,2,1779192570,0.1067,0.1069,100
2752727290,3,1780042738,0.096,0.1027,100
2752727290,4,1780762708,0.202,0.1393,100
2752727290,5,1780975350,0.0481,0.1063,100
2752727290,6,1781950908,0.0088,0.0712,100
2752727290,7,1782481220,0.0088,0.0488,100
2752727290,8,1782655251,0.0088,0.0344,100
2752727290,9,1782989203,0.0088,0.0253,100
2752727290,10,1783087182,0.0088,0.0194,100
2752727290,11,1783256127,0.0088,0.0156,100
2752727290,12,1783865088,0.0088,0.0131,100
2752727290,13,1784203098,0.0087,0.0116,100
2752727290,14,1784614956,0.0088,0.0106,100
2752727290,15,1785472806,0.0088,0.0099,100
2752727290,16,1786321579,0.0088,0.0095,95
2757698037,0,1778460688,0.4059,0.4059,100
2757698037,1,1778864548,0.1546,0.2713,100
2757698037,2,1780479945,0.1151,0.2051,100
2757698037,3,1782410268,0.0059,0.1286,100
2757698037,4,1782790647,0.0056,0.0833,55
2760992428,0,1782088651,0.0284,0.0284,100
2760992428,1,1783081530,0.0285,0.0285,100
2760992428,2,1784531507,0.0285,0.0285,100
2760992428,3,1785755537,0.0285,0.0285,94
2761555701,0,1778381404,0.0744,0.0744,100
2761555701,1,1781353741,0.0183,0.0444,100
2761555701,2,1783215603,0.0069,0.0285,75
2786339319,0,1778513816,0.0071,0.0071,100
2786339319,1,1778635104,0.007,0.0071,100
2786339319,2,1779027670,0.007,0.007,100
2786339319,3,1779072427,0.0071,0.0071,100
2786339319,4,1779204349,0.007,0.007,100
2786339319,5,1779673618,0.007,0.007,100
2786339319,6,1779809610,0.007,0.007,100
2786339319,7,1780280547,0.0071,0.0071,100
2786339319,8,1780377889,0.007,0.007,100
2786339319,9,1780752628,0.0069,0.007,100
2786339319,10,1781455056,0.0068,0.0069,100
2786339319,11,1781796178,0.0067,0.0068,100
2786339319,12,1782648859,0.0067,0.0068,100
2786339319,13,1782751241,0.0066,0.0067,100
2786339319,14,1783093951,0.0067,0.0067,100
2786339319,15,1783613318,0.0067,0.0067,100
2786339319,16,1784021586,0.0067,0.0067,100
2786339319,17,1784196800,0.0067,0.0067,100
2786339319,18,1784390810,0.0067,0.0067,100
2786339319,19,1784734347,0.0067,0.0067,100
2786339319,20,1785144420,0.0067,0.0067,100
2786339319,21,1785243990,0.0067,0.0067,100
2786339319,22,1785398725,0.0067,0.0067,100
2786339319,23,1785648038,0.0067,0.0067,100
2786339319,24,1785689559,0.0067,0.0067,100
2786339319,25,1785979106,0.0067,0.0067,100
2786339319,26,1786161817,0.0067,0.0067,100
2786339319,27,1786357427,0.0067,0.0067,100
2786339319,28,1786540045,0.0067,0.0067,100
2786339319,29,1786786555,0.0067,0.0067,100
2786339319,30,1787156698,0.0067,0.0067,12
2790228256,0,1782117444,0.0064,0.0064,100
2790228256,1,1784469682,0.0064,0.0064,100
2790228256,2,1786092930,0.0064,0.0064,91
2803093623,0,1778400586,0.0073,0.0073,100
2803093623,1,1778784170,0.0072,0.0072,100
2803093623,2,1779209786,0.0073,0.0073,100
2803093623,3,1779211151,0.0072,0.0072,100
2803093623,4,1779678824,0.0072,0.0072,100
2803093623,5,1779815706,0.0072,0.0072,100
2803093623,6,1779860520,0.0072,0.0072,100
2803093623,7,1779864847,0.0072,0.0072,100
2803093623,8,1780156216,0.0072,0.0072,100
2803093623,9,1780242053,0.0072,0.0072,100
2803093623,10,1780331663,0.0073,0.0072,100
2803093623,11,1780333092,0.0073,0.0073,100
2803093623,12,1780333998,0.0073,0.0073,100
2803093623,13,1780334837,0.0073,0.0073,100
2803093623,14,1780336235,0.0073,0.0073,100
2803093623,15,1780337242,0.0073,0.0073,100
2803093623,16,1780338195,0.0072,0.0073,100
2803093623,17,1780339237,0.0073,0.0073,100
2803093623,18,1780383604,0.0072,0.0072,100
2803093623,19,1780396247,0.0072,0.0072,100
2803093623,20,1780503682,0.0072,0.0072,100
2803093623,21,1780651290,0.0072,0.0072,100
2803093623,22,1780683300,0.0073,0.0072,100
2803093623,23,1780738825,0.0073,0.0073,100
2803093623,24,1780740004,0.0073,0.0073,100
2803093623,25,1780766877,0.0072,0.0072,100
2803093623,26,1780917357,0.0072,0.0072,100
2803093623,27,1780935121,0.0072,0.0072,100
2803093623,28,1780996648,0.0073,0.0072,100
2803093623,29,1781002738,0.0073,0.0073,100
2803093623,30,1781004523,0.0073,0.0073,100
2803093623,31,1781006024,0.0072,0.0072,100
2803093623,32,1781021265,0.0072,0.0072,100
2803093623,33,1781169710,0.0072,0.0072,100
2803093623,34,1781198632,0.0072,0.0072,100
2803093623,35,1781268619,0.0072,0.0072,100
2803093623,36,1781434598,0.0073,0.0072,100
2803093623,37,1781440901,0.0072,0.0072,100
2803093623,38,1781591426,0.0073,0.0073,100
2803093623,39,1781770465,0.0073,0.0073,100
2803093623,40,1781838536,0.0073,0.0073,100
2803093623,41,1781840735,0.0073,0.0073,100
2803093623,42,1781920164,0.0073,0.0073,100
2803093623,43,1781966614,0.0073,0.0073,100
2803093623,44,1781968157,0.0073,0.0073,100
2803093623,45,1781969268,0.0073,0.0073,100
2803093623,46,1781970393,0.0073,0.0073,100
2803093623,47,1781971689,0.0073,0.0073,100
2803093623,48,1781974029,0.0073,0.0073,100
2803093623,49,1782136166,0.0073,0.0073,100
2803093623,50,1782168578,0.0073,0.0073,100
2803093623,51,1782199151,0.0073,0.0073,100
2803093623,52,1782201717,0.0073,0.0073,100
2803093623,53,1782298650,0.0073,0.0073,100
2803093623,54,1782321869,0.0073,0.0073,100
2803093623,55,1782397312,0.0073,0.0073,100
2803093623,56,1782528720,0.0073,0.0073,100
2803093623,57,1782617923,0.0073,0.0073,100
2803093623,58,1782727917,0.0073,0.0073,100
2803093623,59,1782795793,0.0073,0.0073,100
2803093623,60,1782833085,0.0073,0.0073,100
2803093623,61,1782845802,0.0073,0.0073,100
2803093623,62,1782891166,0.0073,0.0073,100
2803093623,63,1782910604,0.0073,0.0073,100
2803093623,64,1782914505,0.0073,0.0073,100
2803093623,65,1782977845,0.0074,0.0073,100
2803093623,66,1783016059,0.0073,0.0073,100
2803093623,67,1783053595,0.0073,0.0073,100
2803093623,68,1783093772,0.0073,0.0073,100
2803093623,69,1783095058,0.0073,0.0073,100
2803093623,70,1783157993,0.0073,0.0073,100
2803093623,71,1783222954,0.0074,0.0073,100
2803093623,72,1783231984,0.0074,0.0073,100
2803093623,73,1783261796,0.0073,0.0073,100
2803093623,74,1783264368,0.0073,0.0073,100
2803093623,75,1783266119,0.0073,0.0073,100
2803093623,76,1783267231,0.0074,0.0073,100
2803093623,77,1783302674,0.0073,0.0073,100
2803093623,78,1783422175,0.0073,0.0073,100
2803093623,79,1783439993,0.0073,0.0073,100
2803093623,80,1783441127,0.0073,0.0073,100
2803093623,81,1783481794,0.0073,0.0073,100
2803093623,82,1783564075,0.0073,0.0073,100
2803093623,83,1783656224,0.0073,0.0073,100
2803093623,84,1783861755,0.0073,0.0073,100
2803093623,85,1783914891,0.0073,0.0073,100
2803093623,86,1784088573,0.0073,0.0073,100
2803093623,87,1784178860,0.0073,0.0073,100
2803093623,88,1784185753,0.0073,0.0073,100
2803093623,89,1784356367,0.0073,0.0073,100
2803093623,90,1784480993,0.0073,0.0073,100
2803093623,91,1784482220,0.0073,0.0073,100
2803093623,92,1784632749,0.0073,0.0073,100
2803093623,93,1784701303,0.0073,0.0073,100
2803093623,94,1784994005,0.0073,0.0073,100
2803093623,95,1784995668,0.0073,0.0073,100
2803093623,96,1785079347,0.0073,0.0073,100
2803093623,97,1785157149,0.0073,0.0073,100
2803093623,98,1785158462,0.0073,0.0073,100
2803093623,99,1785159764,0.0073,0.0073,100
2803093623,100,1785161094,0.0073,0.0073,100
2803093623,101,1785172493,0.0073,0.0073,100
2803093623,102,1785331837,0.0073,0.0073,100
2803093623,103,1785428379,0.0073,0.0073,100
2803093623,104,1785653589,0.0073,0.0073,100
2803093623,105,1785690077,0.0073,0.0073,100
2803093623,106,1785778165,0.0073,0.0073,100
2803093623,107,1785779612,0.0073,0.0073,100
2803093623,108,1786028390,0.0073,0.0073,100
2803093623,109,1786343010,0.0073,0.0073,100
2803093623,110,1786344851,0.0073,0.0073,100
2803093623,111,1786457982,0.0073,0.0073,100
2803093623,112,1786694507,0.0073,0.0073,100
2803093623,113,1786699410,0.0073,0.0073,100
2803093623,114,1786786506,0.0073,0.0073,100
2803093623,115,1786820195,0.0072,0.0073,100
2803093623,116,1786897004,0.0073,0.0073,100
2803093623,117,1786909867,0.0073,0.0073,100
2803093623,118,1786988357,0.0073,0.0073,100
2803093623,119,1787075338,0.0073,0.0073,24
2840939122,0,1778463358,0.1251,0.1251,100
2840939122,1,1780480717,0.0661,0.0935,100
2840939122,2,1781147965,0.0593,0.079,100
2840939122,3,1782371448,0.0062,0.051,100
2840939122,4,1784771639,0.0062,0.0345,97
2843847500,0,1778383461,0.4992,0.4992,100
2843847500,1,1780744688,0.4942,0.4965,100
2843847500,2,1782665141,0.4767,0.4881,100
2843847500,3,1783989509,0.4949,0.4907,30
2865728637,0,1782094449,0.547,0.547,100
2865728637,1,1782543173,0.5471,0.5471,100
2865728637,2,1784798119,0.547,0.547,100
2865728637,3,1785452350,0.547,0.547,100
2865728637,4,1785754468,0.5469,0.547,100
2865728637,5,1786088267,0.5468,0.5469,42
2933474490,0,1778394593,0.0058,0.0058,100
2933474490,1,1778653209,0.0059,0.0058,100
2933474490,2,1778742721,0.0059,0.0059,100
2933474490,3,1778856777,0.0058,0.0058,100
2933474490,4,1779090492,0.0058,0.0058,100
2933474490,5,1779150650,0.0056,0.0057,100
2933474490,6,1779174451,0.0058,0.0057,100
2933474490,7,1779423832,0.0057,0.0057,100
2933474490,8,1779497910,0.0057,0.0057,100
2933474490,9,1779689884,0.0058,0.0057,100
2933474490,10,1779866070,0.0059,0.0058,100
2933474490,11,1780019050,0.0058,0.0058,100
2933474490,12,1780325752,0.0059,0.0058,100
2933474490,13,1780655666,0.0057,0.0058,100
2933474490,14,1780813489,0.0058,0.0058,100
2933474490,15,1781165383,0.0059,0.0058,100
2933474490,16,1781419054,0.0058,0.0058,100
2933474490,17,1781573784,0.0061,0.0059,100
2933474490,18,1781660093,0.0062,0.006,100
2933474490,19,1781953111,0.0062,0.0061,100
2933474490,20,1783068338,0.0062,0.0061,100
2933474490,21,1784078333,0.0061,0.0061,100
2933474490,22,1785591657,0.0062,0.0061,100
2933474490,23,1785689566,0.0062,0.0061,100
2933474490,24,1785727329,0.0062,0.0062,100
2933474490,25,1786179493,0.0061,0.0061,100
2933474490,26,1786343786,0.0061,0.0061,100
2933474490,27,1786443807,0.0061,0.0061,100
2933474490,28,1786470590,0.0061,0.0061,100
2933474490,29,1786967657,0.0061,0.0061,56
2948988043,0,1778408467,0.0057,0.0057,100
2948988043,1,1779896818,0.0057,0.0057,100
2948988043,2,1781227923,0.0057,0.0057,100
2948988043,3,1782401372,0.0057,0.0057,100
2948988043,4,1783219385,0.0058,0.0058,100
2948988043,5,1783693030,0.0058,0.0058,100
2948988043,6,1784094436,0.0057,0.0058,100
2948988043,7,1784893167,0.0057,0.0057,100
2948988043,8,1785514844,0.0057,0.0057,100
2948988043,9,1786006745,0.0057,0.0057,100
2948988043,10,1786335840,0.0057,0.0057,100
2948988043,11,1786854084,0.0057,0.0057,72
2956792638,0,1778158723,0.0081,0.0081,100
2956792638,1,1778609205,0.0084,0.0083,100
2956792638,2,1779352857,0.0082,0.0082,100
2956792638,3,1779696974,0.0081,0.0082,100
2956792638,4,1781270245,0.0088,0.0084,100
2956792638,5,1782646979,0.0085,0.0084,100
2956792638,6,1783251239,0.0084,0.0084,65
2957772437,0,1778396205,0.0057,0.0057,100
2957772437,1,1780125964,0.0059,0.0058,100
2957772437,2,1781592791,0.0061,0.006,100
2957772437,3,1783359635,0.006,0.006,38
2961151375,0,1782619816,0.0065,0.0065,100
2961151375,1,1783333937,0.0064,0.0065,100
2961151375,2,1783343107,0.0065,0.0065,100
2961151375,3,1784614569,0.0065,0.0065,28
2980156716,0,1778401410,0.006,0.006,100
2980156716,1,1778578803,0.0059,0.0059,100
2980156716,2,1778810708,0.0059,0.0059,100
2980156716,3,1778948094,0.0059,0.0059,100
2980156716,4,1779175551,0.0059,0.0059,100
2980156716,5,1779676944,0.0059,0.0059,100
2980156716,6,1779780443,0.0059,0.0059,100
2980156716,7,1780108285,0.0059,0.0059,100
2980156716,8,1780659707,0.006,0.0059,100
2980156716,9,1781069712,0.006,0.006,100
2980156716,10,1781229136,0.006,0.006,100
2980156716,11,1781481507,0.0061,0.006,100
2980156716,12,1781671322,0.0062,0.0061,100
2980156716,13,1781878584,0.0062,0.0061,100
2980156716,14,1781966729,0.006,0.0061,100
2980156716,15,1781970376,0.0063,0.0062,100
2980156716,16,1781975280,0.0062,0.0062,100
2980156716,17,1782235386,0.0062,0.0062,100
2980156716,18,1782495542,0.0062,0.0062,100
2980156716,19,1782904439,0.0062,0.0062,100
2980156716,20,1783266084,0.0062,0.0062,100
2980156716,21,1783482331,0.0062,0.0062,100
2980156716,22,1783899688,0.0062,0.0062,100
2980156716,23,1784098939,0.0062,0.0062,100
2980156716,24,1784197811,0.0062,0.0062,100
2980156716,25,1784714174,0.0062,0.0062,100
2980156716,26,1785501834,0.0062,0.0062,100
2980156716,27,1786290284,0.0061,0.0062,100
2980156716,28,1786695696,0.0063,0.0062,100
2980156716,29,1786988316,0.0062,0.0062,61
2992026817,0,1778386715,0.0028,0.0028,100
2992026817,1,1778732937,0.0029,0.0028,100
2992026817,2,1779154785,0.0028,0.0028,100
2992026817,3,1779723311,0.0028,0.0028,100
2992026817,4,1780055223,0.0028,0.0028,100
2992026817,5,1780328793,0.0028,0.0028,100
2992026817,6,1780640331,0.0028,0.0028,100
2992026817,7,1780988108,0.0028,0.0028,100
2992026817,8,1781269177,0.0029,0.0028,100
2992026817,9,1781690751,0.0029,0.0029,100
2992026817,10,1782378305,0.0029,0.0029,100
2992026817,11,1782719613,0.0029,0.0029,100
2992026817,12,1783229669,0.0029,0.0029,100
2992026817,13,1783654412,0.0029,0.0029,100
2992026817,14,1784456341,0.0029,0.0029,100
2992026817,15,1785075941,0.0029,0.0029,100
2992026817,16,1785668919,0.0029,0.0029,100
2992026817,17,1786073042,0.0029,0.0029,100
2992026817,18,1786586991,0.0029,0.0029,58
3042290870,0,1778845031,0.0083,0.0083,100
3042290870,1,1779340032,0.0083,0.0083,100
3042290870,2,1781185794,0.0086,0.0084,100
3042290870,3,1782551504,0.0087,0.0085,100
3042290870,4,1786441734,0.0087,0.0086,26
3058166700,0,1782122589,0.0072,0.0072,100
3058166700,1,1783074996,0.0074,0.0073,100
3058166700,2,1783332202,0.0073,0.0073,100
3058166700,3,1783334156,0.0072,0.0072,100
3058166700,4,1783336622,0.0071,0.0072,100
3058166700,5,1783568488,0.0074,0.0072,100
3058166700,6,1783648703,0.0075,0.0073,100
3058166700,7,1783909071,0.0072,0.0073,100
3058166700,8,1784901721,0.0073,0.0073,100
3058166700,9,1785411993,0.0073,0.0073,100
3058166700,10,1785895210,0.007,0.0072,100
3058166700,11,1786269177,0.0072,0.0072,23
3132722816,0,1787034776,0.0649,0.0649,100
3132722816,1,1787050673,0.0081,0.0345,100
3132722816,2,1787064258,0.008,0.0233,100
3132722816,3,1787149652,0.0079,0.0174,18
3171166989,0,1780327346,0.008,0.008,100
3171166989,1,1782409508,0.0083,0.0081,100
3171166989,2,1782451518,0.0081,0.0081,61
3189511804,0,1778390490,0.9953,0.9953,100
3189511804,1,1778686065,0.9953,0.9953,100
3189511804,2,1779113658,0.9952,0.9953,100
3189511804,3,1779281167,0.9953,0.9953,100
3189511804,4,1779368990,0.9952,0.9953,100
3189511804,5,1779634956,0.9952,0.9952,100
3189511804,6,1779776328,0.9953,0.9953,100
3189511804,7,1780074601,0.9953,0.9953,100
3189511804,8,1780379393,0.9953,0.9953,100
3189511804,9,1780916114,0.9953,0.9953,100
3189511804,10,1781031776,0.9953,0.9953,100
3189511804,11,1781186356,0.9953,0.9953,100
3189511804,12,1781615277,0.9953,0.9953,100
3189511804,13,1783340981,0.9953,0.9953,100
3189511804,14,1786299861,0.9953,0.9953,94
3204748035,0,1782122632,0.0089,0.0089,100
3204748035,1,1782972905,0.0089,0.0089,100
3204748035,2,1783769857,0.009,0.0089,100
3204748035,3,1785418600,0.0091,0.009,100
3204748035,4,1786729499,0.0091,0.009,71
3236380896,0,1778379122,0.9082,0.9082,100
3236380896,1,1779754014,0.9104,0.9093,100
3236380896,2,1780144496,0.9085,0.909,100
3236380896,3,1780970403,0.7079,0.8317,100
3236380896,4,1782212777,0.5326,0.7214,100
3236380896,5,1783926967,0.5326,0.653,100
3236380896,6,1784302634,0.5326,0.6096,100
3236380896,7,1784824202,0.5329,0.5821,100
3236380896,8,1786348738,0.5326,0.5643,100
3236380896,9,1786654591,0.5322,0.5528,69
3299633484,0,1782441291,0.0041,0.0041,100
3299633484,1,1785310081,0.0041,0.0041,100
3299633484,2,1786780692,0.004,0.0041,100
3299633484,3,1787127472,0.0041,0.0041,5
3343564058,0,1778408474,0.0041,0.0041,100
3343564058,1,1778542805,0.004,0.004,100
3343564058,2,1778723669,0.0037,0.0039,100
3343564058,3,1778810807,0.0039,0.0039,100
3343564058,4,1779022427,0.0039,0.0039,100
3343564058,5,1779155828,0.0039,0.0039,100
3343564058,6,1779332392,0.004,0.0039,100
3343564058,7,1779411378,0.0041,0.004,100
3343564058,8,1779466791,0.004,0.004,100
3343564058,9,1779614749,0.0039,0.004,100
3343564058,10,1779762720,0.0041,0.004,100
3343564058,11,1779926395,0.0039,0.0039,100
3343564058,12,1780016772,0.0039,0.0039,100
3343564058,13,1780143496,0.0043,0.0041,100
3343564058,14,1780231799,0.0041,0.0041,100
3343564058,15,1780312698,0.0039,0.004,100
3343564058,16,1780499532,0.004,0.004,100
3343564058,17,1780653367,0.0039,0.0039,100
3343564058,18,1781017505,0.004,0.004,100
3343564058,19,1781106171,0.0039,0.0039,100
3343564058,20,1781282071,0.0038,0.0039,100
3343564058,21,1781575315,0.004,0.0039,100
3343564058,22,1781668429,0.004,0.004,100
3343564058,23,1781865997,0.004,0.004,100
3343564058,24,1782185268,0.0041,0.004,100
3343564058,25,1782281145,0.004,0.004,100
3343564058,26,1782319124,0.004,0.004,100
3343564058,27,1782612570,0.004,0.004,100
3343564058,28,1782832419,0.004,0.004,100
3343564058,29,1783259412,0.0041,0.004,100
3343564058,30,1783705198,0.0041,0.004,100
3343564058,31,1783928256,0.004,0.004,100
3343564058,32,1784032047,0.004,0.004,100
3343564058,33,1784219814,0.004,0.004,100
3343564058,34,1784436411,0.004,0.004,100
3343564058,35,1784645855,0.004,0.004,100
3343564058,36,1784956573,0.0041,0.004,100
3343564058,37,1785229836,0.004,0.004,100
3343564058,38,1785488094,0.004,0.004,100
3343564058,39,1785660607,0.004,0.004,100
3343564058,40,1786016106,0.004,0.004,100
3343564058,41,1786333727,0.0039,0.004,100
3343564058,42,1786457898,0.004,0.004,100
3343564058,43,1787030072,0.0039,0.004,87
3360345621,0,1778399418,0.0145,0.0145,100
3360345621,1,1779016230,0.0289,0.0222,100
3360345621,2,1779358124,0.0227,0.0224,100
3360345621,3,1780047564,0.0287,0.0249,100
3360345621,4,1780480500,0.0247,0.0248,100
3360345621,5,1780911067,0.0208,0.0233,100
3360345621,6,1781176527,0.0235,0.0234,100
3360345621,7,1781491940,0.0187,0.0217,100
3360345621,8,1781871319,0.0075,0.0166,100
3360345621,9,1782403910,0.0075,0.0134,100
3360345621,10,1783268528,0.0076,0.0113,100
3360345621,11,1784345998,0.0076,0.01,41
3395457558,0,1778404554,0.0141,0.0141,100
3395457558,1,1778745148,0.017,0.0157,100
3395457558,2,1779087512,0.0176,0.0165,100
3395457558,3,1779441859,0.033,0.0228,100
3395457558,4,1779864601,0.0487,0.0324,100
3395457558,5,1781270995,0.0057,0.0227,100
3395457558,6,1784720323,0.0055,0.0165,43
3441452166,0,1778637658,0.0045,0.0045,100
3441452166,1,1780598510,0.0044,0.0044,100
3441452166,2,1781697760,0.0046,0.0045,100
3441452166,3,1782842383,0.0046,0.0045,100
3441452166,4,1783256961,0.0046,0.0046,100
3441452166,5,1784168495,0.0046,0.0046,100
3441452166,6,1785566391,0.0046,0.0046,100
3441452166,7,1786196222,0.0046,0.0046,100
3441452166,8,1786785192,0.0045,0.0045,100
3441452166,9,1787044135,0.0046,0.0046,100
3441452166,10,1787050027,0.0046,0.0046,100
3441452166,11,1787063632,0.0046,0.0046,100
3441452166,12,1787100781,0.0046,0.0046,100
3441452166,13,1787110152,0.0046,0.0046,100
3441452166,14,1787113440,0.0046,0.0046,100
3441452166,15,1787117818,0.0046,0.0046,100
3441452166,16,1787127605,0.0046,0.0046,100
3441452166,17,1787143172,0.0046,0.0046,76
3457612243,0,1778379115,0.0063,0.0063,100
3457612243,1,1778466657,0.0063,0.0063,100
3457612243,2,1778769931,0.0064,0.0064,100
3457612243,3,1778945832,0.0063,0.0063,100
3457612243,4,1779243806,0.0063,0.0063,100
3457612243,5,1779525742,0.0065,0.0064,100
3457612243,6,1779850002,0.0064,0.0064,100
3457612243,7,1780144002,0.0063,0.0063,100
3457612243,8,1780225693,0.0063,0.0063,100
3457612243,9,1780503327,0.0062,0.0063,100
3457612243,10,1780761928,0.0061,0.0062,100
3457612243,11,1780890752,0.0062,0.0062,100
3457612243,12,1781196568,0.0062,0.0062,100
3457612243,13,1781537163,0.0065,0.0063,100
3457612243,14,1781840362,0.0065,0.0064,100
3457612243,15,1782297737,0.0064,0.0064,100
3457612243,16,1782645220,0.0064,0.0064,100
3457612243,17,1783092816,0.0064,0.0064,100
3457612243,18,1784088394,0.0065,0.0064,100
3457612243,19,1785054833,0.0065,0.0064,100
3457612243,20,1785501352,0.0065,0.0064,100
3457612243,21,1785847165,0.0064,0.0064,100
3457612243,22,1786536205,0.0064,0.0064,100
3457612243,23,1786766097,0.0064,0.0064,100
3457612243,24,1786895408,0.0065,0.0064,54
3470618647,0,1778500347,0.0043,0.0043,100
3470618647,1,1780282776,0.0041,0.0042,100
3470618647,2,1780761845,0.0041,0.0042,100
3470618647,3,1781460705,0.0037,0.004,100
3470618647,4,1782540617,0.0037,0.0039,100
3470618647,5,1782732015,0.0037,0.0038,100
3470618647,6,1783072901,0.0037,0.0038,100
3470618647,7,1783220068,0.0037,0.0037,100
3470618647,8,1784804375,0.0037,0.0037,100
3470618647,9,1785779775,0.0037,0.0037,100
3470618647,10,1786302062,0.0037,0.0037,100
3470618647,11,1786616670,0.0037,0.0037,100
3470618647,12,1786905632,0.0037,0.0037,63
3474710392,0,1782106474,0.0033,0.0033,100
3474710392,1,1783326362,0.0033,0.0033,100
3474710392,2,1785021299,0.0033,0.0033,100
3474710392,3,1785932204,0.0032,0.0033,100
3474710392,4,1786952959,0.0032,0.0033,51
3488095996,0,1778391905,0.0086,0.0086,100
3488095996,1,1780220502,0.0088,0.0087,100
3488095996,2,1780368788,0.0087,0.0087,100
3488095996,3,1781238765,0.0087,0.0087,100
3488095996,4,1781578521,0.0098,0.0091,100
3488095996,5,1781756085,0.0097,0.0093,100
3488095996,6,1782115577,0.0098,0.0095,62
3494489531,0,1778404535,0.0063,0.0063,100
3494489531,1,1778726853,0.0062,0.0063,100
3494489531,2,1779090924,0.0063,0.0063,100
3494489531,3,1779273006,0.0062,0.0062,100
3494489531,4,1779440893,0.0063,0.0063,100
3494489531,5,1779809437,0.0063,0.0063,100
3494489531,6,1780021837,0.0062,0.0063,100
3494489531,7,1780764496,0.0063,0.0063,100
3494489531,8,1781248895,0.0062,0.0062,100
3494489531,9,1782069193,0.0061,0.0062,100
3494489531,10,1783190112,0.0061,0.0062,100
3494489531,11,1783963724,0.0061,0.0062,100
3494489531,12,1785342809,0.0061,0.0061,100
3494489531,13,1785556368,0.0061,0.0061,100
3494489531,14,1786172844,0.0061,0.0061,100
3494489531,15,1786848115,0.0061,0.0061,68
3506136039,0,1782063897,0.0029,0.0029,100
3506136039,1,1782621664,0.0029,0.0029,100
3506136039,2,1782926534,0.0028,0.0029,100
3506136039,3,1783482651,0.0028,0.0029,100
3506136039,4,1783931122,0.0029,0.0029,100
3506136039,5,1785032725,0.0029,0.0029,100
3506136039,6,1785569372,0.0029,0.0029,100
3506136039,7,1786192438,0.0029,0.0029,84
3507606624,0,1782088772,0.0074,0.0074,100
3507606624,1,1782531412,0.0074,0.0074,100
3507606624,2,1787022518,0.007,0.0072,3
3510716918,0,1778388274,0.0091,0.0091,100
3510716918,1,1779707045,0.009,0.0091,100
3510716918,2,1780065707,0.0089,0.009,100
3510716918,3,1781887838,0.0094,0.0091,100
3510716918,4,1785558906,0.0092,0.0092,45
3541215132,0,1729691021,0.0082,0.0082,100
3541215132,1,1729860572,0.0081,0.0082,100
3541215132,2,1729945323,0.0081,0.0081,100
3541215132,3,1730853319,0.0078,0.008,60
3542441640,0,1782063911,0.0045,0.0045,100
3542441640,1,1785223334,0.0044,0.0045,100
3542441640,2,1786380201,0.0045,0.0045,19
3544142951,0,1782102096,0.0057,0.0057,100
3544142951,1,1783404515,0.0058,0.0057,100
3544142951,2,1784464056,0.0058,0.0057,100
3544142951,3,1785333954,0.0057,0.0057,78
3600881346,0,1778404602,0.045,0.045,100
3600881346,1,1779085087,0.0586,0.0523,100
3600881346,2,1779849331,0.0523,0.0523,100
3600881346,3,1780483702,0.0647,0.0571,100
3600881346,4,1780905815,0.0722,0.0627,100
3600881346,5,1781666810,0.0043,0.0415,100
3600881346,6,1781960289,0.0043,0.0281,100
3600881346,7,1782298212,0.0043,0.0196,100
3600881346,8,1782581689,0.0043,0.0141,100
3600881346,9,1782745627,0.0043,0.0106,100
3600881346,10,1783787116,0.0043,0.0084,100
3600881346,11,1784960774,0.0043,0.0069,100
3600881346,12,1785753707,0.0044,0.006,57
3615168664,0,1778380084,0.0739,0.0739,100
3615168664,1,1778634979,0.0757,0.0749,100
3615168664,2,1778826991,0.0496,0.0642,100
3615168664,3,1779157354,0.0281,0.0503,100
3615168664,4,1779422389,0.0721,0.0583,100
3615168664,5,1779443019,0.0178,0.0436,100
3615168664,6,1779797634,0.0392,0.042,100
3615168664,7,1780127052,0.0627,0.0495,100
3615168664,8,1781505607,0.0031,0.0329,100
3615168664,9,1784632958,0.0031,0.0222,100
3615168664,10,1785080777,0.0031,0.0153,100
3615168664,11,1786516111,0.0031,0.011,72
3667474034,0,1787038229,0.0321,0.0321,100
3667474034,1,1787057927,0.0119,0.0213,100
3667474034,2,1787103358,0.0119,0.0173,100
3667474034,3,1787131169,0.0119,0.0152,46
3687436863,0,1778481948,0.2389,0.2389,100
3687436863,1,1781911242,0.0089,0.1157,100
3687436863,2,1786369971,0.0089,0.0704,44
3969964584,0,1787053322,0.6477,0.6477,100
3969964584,1,1787065034,0.6439,0.6456,100
3969964584,2,1787108966,0.6465,0.646,100
3969964584,3,1787149600,0.6476,0.6466,25
