QQ号,消息数,LGBT小众性取向指数
2633083674,12577,100.0
3343564058,4394,100.0
1517003939,963,100.0
972242500,756,100.0
185327596,713,100.0
3470618647,1264,100.0
2948988043,1172,100.0
778949261,870,100.0
3236380896,969,100.0
3600881346,1257,100.0
3615168664,1175,100.0
1132770943,520,100.0
1691385599,1998,100.0
2757698037,455,100.0
1453224144,470,100.0
1395833200,308,100.0
1654115451,672,100.0
1803703473,1798,100.0
1591798171,455,100.0
2059500534,544,100.0
3204748035,472,100.0
3474710392,453,100.0
2956792638,665,100.0
3299633484,305,100.0
2217751975,692,100.0
2628621911,636,100.0
3969964584,325,100.0
3667474034,346,100.0
1197677845,524,100.0
3132722816,318,100.0
443628409,866,100.0
2761555701,275,95.8
3687436863,244,90.7
2215395997,239,89.8
1969079577,225,87.5
769967529,154,75.7
153015434,141,73.5
1690566527,139,73.2
2309689596,127,71.2
3160582860,108,68.0
1729784739,94,65.7
1535752674,86,64.3
370440143,51,58.5
1328642501,51,58.5
2903913328,29,54.8
1730842824,27,54.5
2920974992,14,52.3
1641691929,3,50.5
1758377193,3,50.5
3178142562,1,49.8
3050606847,1,49.8
2126182939,1,49.8
2622925346,1,49.8
2764502669,1,49.8
1033239240,1,49.8
3365845834,1,49.8
1814967597,1,49.8
3839783038,1,49.8
3273354183,1,49.8
2700418201,1,49.8
1095049312,1,49.8
1186358507,1,49.8
205292669,1,49.8
2363134035,1,49.8
332989890,1,49.8
1215416281,1,49.8
1535612102,1,49.8
573661912,1,49.8
3464447910,1,49.8
2837292525,1,49.8
1478273559,1,49.8
1466659326,1,49.8
2432451108,1,49.8
2167607065,1,49.8
328233165,1,49.8
471585490,1,49.8
2955708050,1,49.8
177571686,1,49.8
3182405212,1,49.8
1733965813,1,49.8
3459162091,1,49.8
3410183925,1,49.8
3411099516,1,49.8
2607822643,1,49.8
3762347022,1,49.8
361906568,1,49.8
1391858600,1,49.8
2971152503,1,49.8
1690901375,1,49.8
2221632836,1,49.8
2751916390,1,49.8
2475148281,1,49.8
865957733,1,49.8
1455407613,1,49.8
870750800,1,49.8
1770628184,1,49.8
1085084701,1,49.8
3469950794,1,49.8
476637481,1,49.8
383652341,1,49.8
3251083209,1,49.8
2517292130,1,49.8
3022909483,1,49.8
3509208132,1,49.8
402131373,1,49.8
2962814434,1,49.8
2967515079,1,49.8
1969234374,1,49.8
2645162546,1,49.8
2214287461,1,49.8
313668063,1,49.8
2770905437,1,49.8
2372627875,1,49.8
2077956030,1,49.8
1124951894,1,49.8
1302829348,1,49.8
3222180836,1,49.8
2608558852,1,49.8
107655586,1,49.8
1429815430,1,49.8
1643248271,1,49.8
3570551592,1,49.8
1344223523,1,49.8
1696543071,1,49.8
1260885002,1,49.8
2574358323,1,49.8
1476425991,1,49.8
3199744085,1,49.8
2457135714,1,49.8
1192369142,1,49.8
2124893405,1,49.8
1915374928,1,49.8
3274263575,1,49.8
3309639790,1,49.8
1655397613,1,49.8
2634580819,1,49.8
2639443801,1,49.8
2906939562,1,49.8
3211171486,1,49.8
1649626155,1,49.8
3843991698,1,49.8
168310897,1,49.8
1770630961,1,49.8
2016648097,1,49.8
1872736113,1,49.8
2694509307,1,49.8
815047038,1,49.8
2905709898,1,49.8
2141774742,1,49.8
2605509265,1,49.8
1747314196,1,49.8
2537717607,1,49.8
870208348,1,49.8
2258034518,1,49.8
1078205537,1,49.8
1053107962,1,49.8
2876313917,1,49.8
3313266602,1,49.8
1654463506,1,49.8
1612529173,1,49.8
359576824,1,49.8
3452867113,1,49.8
2984738151,1,49.8
3096131624,1,49.8
3857664008,1,49.8
3212471492,1,49.8
2825232647,1,49.8
3025626397,1,49.8
1578765993,1,49.8
1447134293,1,49.8
2497334418,1,49.8
1311887667,1,49.8
3206750249,1,49.8
3984054196,1,49.8
615689149,1,49.8
1300244579,1,49.8
1654247688,1,49.8
1776413719,1,49.8
2096281742,1,49.8
3129570076,1,49.8
2026691756,2,49.7
253686882,2,49.7
422237779,2,49.7
2755702157,2,49.7
873848505,2,49.7
113870842,2,49.7
2544316998,2,49.7
235055323,2,49.7
3100603151,2,49.7
1850747255,2,49.7
2016973143,2,49.7
1319672117,2,49.7
2169889906,2,49.7
2751416986,2,49.7
1984129480,2,49.7
1627325107,2,49.7
2695836817,2,49.7
2729898310,2,49.7
577283024,2,49.7
705422032,2,49.7
2393609136,2,49.7
3340660674,2,49.7
3114885736,2,49.7
2926987882,2,49.7
2926481986,2,49.7
1526507854,2,49.7
2452382514,2,49.7
2090135719,2,49.7
2994716319,2,49.7
1976949323,2,49.7
1532878220,2,49.7
1061314353,2,49.7
1335412793,2,49.7
1517808818,2,49.7
1872211308,2,49.7
1640950184,2,49.7
2939948918,2,49.7
3088465867,2,49.7
2082785707,2,49.7
1743790449,2,49.7
2371846523,2,49.7
1249120038,2,49.7
2513688454,2,49.7
3514684039,2,49.7
3630670898,2,49.7
591120820,2,49.7
2657610294,2,49.7
2712253484,2,49.7
1431682928,2,49.7
1957762024,2,49.7
1254700092,2,49.7
1031281769,2,49.7
3121338245,2,49.7
3372817346,2,49.7
3783833591,2,49.7
2898477135,2,49.7
2221043945,2,49.7
2908607342,2,49.7
3628450744,2,49.7
2873972044,2,49.7
1304360148,2,49.7
717340787,2,49.7
3816865038,2,49.7
487470538,2,49.7
334994247,2,49.7
3378046534,2,49.7
3230040069,2,49.7
2942096394,2,49.7
2365598130,2,49.7
3536585707,2,49.7
3677552024,2,49.7
3163809992,2,49.7
1973028240,2,49.7
2822611983,2,49.7
196894397,2,49.7
3522791482,2,49.7
2864743001,2,49.7
1121620349,2,49.7
1292429571,2,49.7
2948409843,2,49.7
1569859203,2,49.7
892142294,2,49.7
3260811582,2,49.7
1307682674,3,49.5
3404054197,3,49.5
1375566511,3,49.5
2912029529,3,49.5
2059028439,3,49.5
2455561354,3,49.5
3619383163,3,49.5
2432751282,3,49.5
3359965313,3,49.5
3109194831,3,49.5
569064044,3,49.5
1663613847,3,49.5
2246559898,3,49.5
3428127879,3,49.5
3263587513,3,49.5
3844203585,3,49.5
3109853083,3,49.5
2698498501,3,49.5
3889001741,3,49.5
2961131384,3,49.5
3491208339,3,49.5
1003492579,3,49.5
1021336121,3,49.5
3048842262,3,49.5
292623113,3,49.5
1470876678,3,49.5
3115342293,3,49.5
3064971528,3,49.5
1115154487,3,49.5
2260496798,3,49.5
1813203341,3,49.5
22594765,3,49.5
3460562526,3,49.5
504061990,3,49.5
648593159,3,49.5
3155407924,3,49.5
3822544339,3,49.5
1310430687,3,49.5
194217991,3,49.5
1063896099,3,49.5
2605499199,3,49.5
1030352690,3,49.5
3529257351,3,49.5
366846723,3,49.5
1165638972,3,49.5
1767160766,3,49.5
1419045586,3,49.5
2206993556,3,49.5
2220932119,3,49.5
2799856190,3,49.5
2500950833,3,49.5
3358351641,4,49.3
3537261081,4,49.3
2711278704,4,49.3
1610059852,4,49.3
2630828862,4,49.3
2546587356,4,49.3
2857653200,4,49.3
2268439176,4,49.3
3201374145,4,49.3
361023813,4,49.3
2441689447,4,49.3
1066781717,4,49.3
2020870799,4,49.3
2050269982,4,49.3
1421971856,4,49.3
1984601493,4,49.3
280945516,4,49.3
1556751965,4,49.3
2743046593,4,49.3
2132820072,4,49.3
2987712942,4,49.3
1916238894,4,49.3
1542414308,4,49.3
3496556249,4,49.3
1713122524,4,49.3
1634620632,4,49.3
2454494994,4,49.3
1291706912,4,49.3
2685879549,4,49.3
741391575,4,49.3
1715277890,4,49.3
3140045413,4,49.3
2259881867,4,49.3
3421213950,4,49.3
1540602849,4,49.3
3136064047,4,49.3
2040825278,5,49.2
2352245213,5,49.2
2756308289,5,49.2
1976685198,5,49.2
3506751736,5,49.2
1753188786,5,49.2
2137403764,5,49.2
3059377663,5,49.2
2738424708,5,49.2
276185909,5,49.2
2091313430,5,49.2
3382252371,5,49.2
3373877108,5,49.2
2601372420,5,49.2
2191773974,5,49.2
58098780,5,49.2
2763054170,5,49.2
2938388734,5,49.2
1411877823,5,49.2
2024386307,6,49.0
2141537659,6,49.0
2990886725,6,49.0
2898842718,6,49.0
3137371782,6,49.0
1208417760,6,49.0
1633349544,6,49.0
3569897016,6,49.0
3801750523,6,49.0
519859947,6,49.0
484417593,6,49.0
1349104839,6,49.0
2012924401,6,49.0
2457391220,6,49.0
551703226,6,49.0
1225663461,6,49.0
2918632355,6,49.0
2012914170,6,49.0
1025505036,6,49.0
919157563,6,49.0
565091745,6,49.0
2302991665,6,49.0
1119231435,6,49.0
2867958627,7,48.8
2446557267,7,48.8
2862783401,7,48.8
3482880952,7,48.8
2854196310,7,48.8
1413901632,7,48.8
847338913,7,48.8
1301862569,7,48.8
2061904931,7,48.8
3090048076,7,48.8
1714153180,7,48.8
3101803540,7,48.8
1956572232,7,48.8
2057335616,7,48.8
2557651656,7,48.8
2859527305,7,48.8
2868287400,7,48.8
2785696076,8,48.7
3461383089,8,48.7
3556307996,8,48.7
2097954867,8,48.7
2983573785,8,48.7
239582673,8,48.7
912805610,8,48.7
2530637602,8,48.7
2129976093,8,48.7
664387673,8,48.7
2260485866,8,48.7
3496534579,8,48.7
2070563816,8,48.7
2708557384,8,48.7
2427339520,9,48.5
3921521449,9,48.5
780513678,9,48.5
3032167091,9,48.5
1035825498,9,48.5
3304400858,9,48.5
474790083,9,48.5
1607456429,9,48.5
2768774146,9,48.5
1714764517,9,48.5
2446368569,9,48.5
2066530468,9,48.5
2685208252,9,48.5
3042716668,9,48.5
3144325150,9,48.5
2740088195,9,48.5
768859825,10,48.3
1551278665,10,48.3
1989980062,10,48.3
2303813154,10,48.3
2774659614,10,48.3
2834417063,10,48.3
3112851232,10,48.3
2123043464,10,48.3
731520043,10,48.3
359978183,10,48.3
1443639178,10,48.3
3176908892,10,48.3
1980674366,10,48.3
3418785446,10,48.3
1311963314,10,48.3
2017096956,11,48.2
3139540635,11,48.2
320840096,11,48.2
213675049,11,48.2
334239262,12,48.0
3041114841,12,48.0
3154165894,12,48.0
3312088057,12,48.0
1557952100,12,48.0
2632486732,12,48.0
971494602,12,48.0
3500776446,12,48.0
3089584530,12,48.0
1435332517,13,47.8
2256125929,13,47.8
2127909363,13,47.8
1919616377,13,47.8
935114161,13,47.8
3561038562,13,47.8
2973709968,13,47.8
2974912735,13,47.8
2628586199,13,47.8
3230567402,13,47.8
3149308400,13,47.8
3343831509,13,47.8
355117653,13,47.8
1963142069,14,47.7
827218279,14,47.7
2980635289,14,47.7
3066852293,14,47.7
2167816329,14,47.7
2071284680,14,47.7
3350976513,14,47.7
3086619470,14,47.7
3149791151,14,47.7
2287914362,15,47.5
2780529603,15,47.5
1592012873,15,47.5
1194251507,15,47.5
1786412351,15,47.5
1684184208,15,47.5
2721649744,15,47.5
2124957352,16,47.3
2898002012,16,47.3
1453845931,16,47.3
2830825244,17,47.2
2581570459,17,47.2
1255353837,17,47.2
1934965355,17,47.2
2309951996,17,47.2
3310842712,17,47.2
2917019169,17,47.2
2963608471,17,47.2
1255653441,17,47.2
3047872725,17,47.2
3434568972,18,47.0
1271605473,18,47.0
671009847,18,47.0
2720682032,19,46.8
839217225,19,46.8
3375089145,19,46.8
1542746253,19,46.8
318210780,20,46.7
109143408,20,46.7
2680590729,20,46.7
3542133092,20,46.7
815241872,21,46.5
2144895949,21,46.5
1137219009,21,46.5
550923929,21,46.5
1218176906,21,46.5
964339372,21,46.5
3273348715,21,46.5
0,21,46.5
1990240358,22,46.3
1373718790,22,46.3
2664463054,22,46.3
2457808909,22,46.3
1403627771,22,46.3
3646641706,22,46.3
2960545085,22,46.3
3075342269,22,46.3
1307158851,23,46.2
3080136233,23,46.2
2281047532,23,46.2
2775323636,23,46.2
3512990030,25,45.8
1524133065,26,45.7
1813651236,26,45.7
291644744,26,45.7
2282476488,26,45.7
1665977138,26,45.7
2952216258,26,45.7
3103856427,27,45.5
486876012,27,45.5
523918949,27,45.5
55766131,28,45.3
3586675483,28,45.3
2632319788,29,45.2
727590975,29,45.2
1810803635,29,45.2
461852726,30,45.0
1942879534,30,45.0
3142038499,30,45.0
3086174232,31,44.8
3102598541,31,44.8
761792150,32,44.7
2698794273,32,44.7
3198593440,33,44.5
3383510892,33,44.5
1679730202,34,44.3
2128099887,35,44.2
2934143347,35,44.2
2819659340,36,44.0
2454609295,36,44.0
3092786685,37,43.8
2149615065,37,43.8
2832738334,38,43.7
997725316,39,43.5
1459349874,40,43.3
2506353560,40,43.3
848935437,40,43.3
2028798450,41,43.2
2011471689,43,42.8
1635604991,43,42.8
3342399928,43,42.8
2896319700,43,42.8
3887840391,44,42.7
2522720040,45,42.5
1359074722,46,42.3
264128713,47,42.2
1289943440,47,42.2
1312167436,48,42.0
3176408669,48,42.0
1772357652,49,41.8
1621199290,50,41.7
2407973786,50,41.7
3474281929,50,41.7
2098036275,51,41.5
2434708716,51,41.5
941779229,51,41.5
3038117065,53,41.2
360504185,57,40.5
240733212,57,40.5
2379295254,59,40.2
3613984924,60,40.0
1850705118,60,40.0
819141500,60,40.0
3093900534,61,39.8
399605976,61,39.8
1372648150,61,39.8
1813021745,62,39.7
1434248728,63,39.5
1950459258,63,39.5
2608167684,63,39.5
2218332879,63,39.5
996142639,64,39.3
2772883784,64,39.3
1420074421,64,39.3
3300719069,64,39.3
614899551,64,39.3
2805226872,65,39.2
1686225786,67,38.8
1434594208,67,38.8
1580128746,67,38.8
3806546559,69,38.5
1256596164,70,38.3
516370164,70,38.3
121223766,71,38.2
1504831653,71,38.2
2871749066,71,38.2
1359316569,72,38.0
2848452227,75,37.5
2456116695,76,37.3
2275091518,76,37.3
3152570185,77,37.2
2754717141,77,37.2
3848934393,77,37.2
2047556159,78,37.0
1243287854,78,37.0
2789792430,78,37.0
1346331874,79,36.8
75400950,79,36.8
1692608760,80,36.7
1206257577,80,36.7
3211949082,81,36.5
2187786386,81,36.5
1052118227,82,36.3
1252674979,85,35.8
1394876195,85,35.8
3590861473,86,35.7
348105425,87,35.5
715272580,87,35.5
258273408,87,35.5
3460193817,89,35.2
1986993074,91,34.8
1297578920,92,34.7
2981609681,92,34.7
2053116169,94,34.3
2838251598,97,33.8
2396044690,98,33.7
2787348087,102,33.0
1958581299,107,32.2
3510954117,109,31.8
629451839,110,31.7
1461233598,110,31.7
1053113173,113,31.2
284256062,113,31.2
2625878289,118,30.3
1153685627,124,29.3
1026761217,126,29.0
3405033743,137,27.2
1109865307,140,26.7
2240678047,140,26.7
1075942968,146,25.7
3175513496,146,25.7
1716842937,151,24.8
3021795514,157,23.8
894841302,163,22.8
1295201561,164,22.7
1306507065,166,22.3
995002583,170,21.7
1563184800,171,21.5
3384346427,173,21.2
3273142441,176,20.7
2032224637,177,20.5
2603237129,179,20.2
3585064027,180,20.0
2375270869,183,19.5
3820731905,191,18.2
2713471283,192,18.0
1306733102,193,17.8
3202322974,198,17.0
3486940942,198,17.0
234300537,202,16.3
3507606624,203,16.2
2048295328,207,15.5
1502644079,214,14.3
994731751,217,13.8
1579914298,219,13.5
3542441640,219,13.5
1915964334,239,10.2
1744316083,240,10.0
1649134132,243,9.5
838969717,244,9.3
2498419003,256,7.3
2690901742,256,7.3
3171166989,261,6.5
1520163187,276,4.0
2790228256,291,1.5
2213154584,295,0.8
1757193004,299,0.2
2786339319,3012,0.0
2673619125,5776,0.0
2121888461,1447,0.0
3506136039,784,0.0
3544142951,378,0.0
1115092215,896,0.0
1142604266,1157,0.0
3457612243,2454,0.0
2093211983,6148,0.0
3189511804,1494,0.0
2752727290,1696,0.0
2429967889,4358,0.0
3494489531,1569,0.0
843573361,408,0.0
2497910862,1981,0.0
2992026817,1862,0.0
1533543086,5000,0.0
2564868713,4715,0.0
375569635,8082,0.0
2980156716,2963,0.0
2392304699,701,0.0
1853545312,2650,0.0
1531322158,949,0.0
439161815,588,0.0
2604093609,4024,0.0
1220384810,604,0.0
2803093623,11924,0.0
1683253039,319,0.0
2840939122,497,0.0
2843847500,330,0.0
2933474490,2956,0.0
2159492514,975,0.0
1640440761,495,0.0
2587025229,505,0.0
3360345621,1142,0.0
1703380767,1109,0.0
2049014399,411,0.0
1046636617,1100,0.0
1490494694,6160,0.0
1460302324,686,0.0
1206156741,574,0.0
2298816342,1206,0.0
1399716483,1979,0.0
963653008,1928,0.0
3441452166,1779,0.0
1921151252,1037,0.0
3042290870,426,0.0
3510716918,445,0.0
1792368625,789,0.0
3395457558,643,0.0
2039953725,322,0.0
1710542247,442,0.0
2957772437,338,0.0
844793387,973,0.0
1215892967,804,0.0
1521768316,1512,0.0
3058166700,1123,0.0
1717582,331,0.0
3541215132,360,0.0
3488095996,662,0.0
2760992428,397,0.0
2961151375,328,0.0
2865728637,542,0.0
2217452704,334,0.0
1965417382,1113,0.0
1455830769,308,0.0
