user_id,n_messages,mean,std,range,flip_count,pred_v7,disagreement,p_bert-v10,p_bert-v10-synth,p_bert-v10-wb,p_bert-v7,label,votes_male,votes_female,boundary_std,pred_main
2673619125,5779,0.2775,0.3991,0.9524,1,male,中,0.965,0.0156,0.0126,0.1167,male,3,1,0.6765,male
3570551592,1,0.2911,0.3941,0.9447,1,male,中,0.9714,0.0267,0.0509,0.1156,,3,1,0.6713,male
3096131624,1,0.5457,0.4348,0.9672,2,female,高,0.9794,0.2227,0.0121,0.9688,,2,2,0.6301,male
2240678047,146,0.2945,0.3423,0.8672,1,male,中,0.8779,0.1828,0.0107,0.1064,,3,1,0.6272,male
2020870799,4,0.4355,0.3413,0.8868,1,male,中,0.967,0.4916,0.0802,0.2032,,3,1,0.6249,male
2040825278,5,0.3357,0.3418,0.8273,1,male,中,0.9219,0.0946,0.2176,0.1087,,3,1,0.6169,male
1730842824,27,0.4355,0.3437,0.8112,1,male,中,0.8732,0.6673,0.062,0.1395,,3,1,0.613,male
185327596,737,0.7374,0.4191,0.978,3,female,高,0.9895,0.9824,0.0115,0.966,male,1,3,0.6116,male
3486940942,198,0.326,0.3199,0.8005,1,male,中,0.8709,0.2331,0.0704,0.1295,,3,1,0.6055,male
1066781717,4,0.4871,0.3893,0.8816,1,male,中,0.9808,0.0993,0.7553,0.113,,3,1,0.6052,male
2876313917,1,0.4971,0.4303,0.9369,2,female,高,0.8687,0.093,0.0449,0.9818,,2,2,0.603,male
705422032,2,0.2445,0.3233,0.7698,1,male,中,0.8015,0.0317,0.0324,0.1123,,3,1,0.6014,male
2393609136,2,0.4429,0.317,0.8475,1,male,中,0.9612,0.4075,0.2891,0.1137,,3,1,0.5998,male
2973709968,13,0.4822,0.3263,0.8086,1,male,中,0.921,0.6646,0.2308,0.1124,,3,1,0.599,male
1524133065,26,0.3196,0.3126,0.8132,1,male,中,0.8434,0.2537,0.0302,0.151,,3,1,0.5979,male
2628621911,638,0.3701,0.3225,0.7894,1,male,中,0.8052,0.5509,0.0158,0.1084,male,3,1,0.5967,male
2905709898,1,0.5116,0.4053,0.8431,1,male,中,0.9465,0.1034,0.8863,0.1103,,3,1,0.5966,male
3300719069,64,0.5078,0.3906,0.9321,1,male,中,0.9678,0.0356,0.2174,0.8103,,3,1,0.5948,male
1003492579,3,0.539,0.3385,0.8619,2,male,高,0.9008,0.7924,0.0389,0.424,,2,2,0.591,male
3189511804,1496,0.4185,0.3659,0.8891,2,male,高,0.6421,0.8993,0.0102,0.1226,male,2,2,0.5834,male
2217452704,334,0.7021,0.3851,0.934,3,female,高,0.9713,0.8131,0.0449,0.9789,,1,3,0.583,male
22594765,3,0.6878,0.3746,0.9276,3,female,高,0.9876,0.7434,0.06,0.96,,1,3,0.5806,male
1289943440,47,0.2543,0.2956,0.7414,1,male,中,0.7613,0.1317,0.0198,0.1044,,3,1,0.5794,male
1435332517,13,0.4024,0.3617,0.825,1,male,中,0.8464,0.0214,0.0717,0.6701,,3,1,0.5789,male
1976949323,2,0.6156,0.3833,0.9616,2,female,高,0.9194,0.5523,0.0145,0.9761,,2,2,0.578,male
1655397613,1,0.531,0.3511,0.8275,1,male,中,0.9367,0.2647,0.8134,0.1092,,3,1,0.5644,male
2755702157,2,0.5906,0.378,0.7639,2,male,高,0.9631,0.2103,0.9742,0.215,,2,2,0.5616,female
422237779,2,0.4757,0.3917,0.9315,2,female,高,0.7661,0.1671,0.019,0.9505,,2,2,0.559,male
2258034518,1,0.7605,0.37,0.8645,1,male,中,0.9843,0.9575,0.9802,0.1198,,1,3,0.5583,female
2432451108,1,0.2986,0.2833,0.7447,1,male,中,0.7574,0.1287,0.0127,0.2956,,3,1,0.5552,male
1031281769,2,0.3767,0.3445,0.7462,1,male,中,0.7647,0.0185,0.0492,0.6743,,3,1,0.5529,male
107655586,1,0.5308,0.2622,0.6729,1,male,中,0.9625,0.5138,0.2896,0.3573,,3,1,0.5483,male
2124893405,1,0.5505,0.3164,0.7784,1,male,中,0.9766,0.1983,0.299,0.728,,3,1,0.5477,male
3211949082,81,0.2498,0.2715,0.6807,1,male,中,0.7157,0.035,0.1231,0.1255,,3,1,0.5463,male
3921521449,9,0.6302,0.2798,0.7403,2,male,高,0.9834,0.7847,0.5094,0.2431,,2,2,0.5453,male
2859527305,7,0.5471,0.3687,0.8351,2,female,高,0.8416,0.219,0.1464,0.9815,,2,2,0.5423,male
1434594208,67,0.2295,0.2571,0.6573,1,male,中,0.668,0.1261,0.0107,0.1133,,3,1,0.5407,male
1447134293,1,0.6076,0.3483,0.8039,2,female,高,0.9178,0.3538,0.1775,0.9814,,2,2,0.5403,male
1531322158,949,0.2956,0.256,0.6662,1,male,中,0.6783,0.3693,0.0121,0.1229,male,3,1,0.5377,male
1747314196,1,0.4726,0.3765,0.8423,2,male,高,0.7707,0.0771,0.9194,0.1232,,2,2,0.5353,female
1714153180,7,0.4822,0.3584,0.8762,2,female,高,0.7518,0.2436,0.0287,0.9048,,2,2,0.5353,male
2506353560,40,0.464,0.3347,0.7514,1,male,中,0.8256,0.0742,0.1907,0.7653,,3,1,0.5353,male
2601372420,5,0.7831,0.3329,0.7758,3,female,高,0.9823,0.9762,0.2065,0.9671,,1,3,0.5337,male
3600881346,1257,0.4521,0.2491,0.6927,1,male,中,0.843,0.4183,0.1503,0.3968,male,3,1,0.5281,male
348105425,87,0.7459,0.3386,0.8009,1,male,中,0.9215,0.9609,0.9412,0.16,female,1,3,0.5241,female
443628409,866,0.4677,0.294,0.7551,2,male,高,0.68,0.7653,0.0101,0.4155,male,2,2,0.5226,male
3590861473,86,0.5027,0.3454,0.7664,2,female,高,0.7995,0.1255,0.1939,0.8919,,2,2,0.5224,male
1916238894,4,0.4171,0.3931,0.9572,2,female,高,0.5931,0.0771,0.0205,0.9777,,2,2,0.5203,male
1850747255,2,0.6238,0.297,0.6902,1,male,中,0.987,0.3677,0.8437,0.2968,,3,1,0.5199,male
3198593440,33,0.3863,0.2782,0.7819,1,male,中,0.8017,0.0199,0.3885,0.335,,3,1,0.5194,male
3064971528,3,0.5749,0.3383,0.8583,2,female,高,0.8061,0.3881,0.1235,0.9819,,2,2,0.5138,male
239582673,8,0.6657,0.2896,0.7229,2,female,高,0.9515,0.5811,0.2286,0.9017,,2,2,0.5112,male
3762347022,1,0.5207,0.353,0.9005,2,female,高,0.7247,0.2947,0.0814,0.9819,,2,2,0.511,male
1679730202,34,0.7335,0.2997,0.7335,2,male,高,0.9506,0.902,0.8643,0.2171,,2,2,0.5105,male
2605509265,1,0.5125,0.3552,0.9297,2,female,高,0.6983,0.3175,0.0523,0.982,,2,2,0.5093,male
2840939122,497,0.5486,0.2616,0.6816,2,male,高,0.8077,0.7161,0.1261,0.5444,male,2,2,0.5091,male
2822611983,2,0.42,0.3832,0.9513,2,female,高,0.5761,0.1066,0.0231,0.9744,,2,2,0.5085,male
1872736113,1,0.5907,0.3301,0.726,2,female,高,0.8528,0.2562,0.2715,0.9822,,2,2,0.5045,male
235055323,2,0.6548,0.3405,0.8421,2,female,高,0.9409,0.1403,0.5558,0.9824,,2,2,0.5014,male
3496556249,4,0.5228,0.3379,0.7609,2,female,高,0.7558,0.1938,0.1902,0.9511,,2,2,0.5003,male
2097954867,8,0.6746,0.3419,0.8742,2,male,高,0.9778,0.1037,0.8916,0.7253,,2,2,0.5,female
591120820,2,0.4396,0.3713,0.9618,2,female,高,0.5712,0.1865,0.0194,0.9813,,2,2,0.4967,male
280945516,4,0.4524,0.3673,0.9042,2,female,高,0.6058,0.1436,0.0779,0.9822,,2,2,0.4959,male
2282476488,26,0.5307,0.2173,0.6084,1,male,中,0.8657,0.502,0.2574,0.4977,,3,1,0.495,male
2962814434,1,0.4806,0.3554,0.8747,2,female,高,0.6519,0.1874,0.1042,0.9789,,2,2,0.4948,male
1434248728,63,0.1716,0.2156,0.5222,1,male,中,0.5387,0.0165,0.0178,0.1133,,3,1,0.4927,male
3801750523,6,0.6761,0.2923,0.7497,2,female,高,0.8896,0.6001,0.2324,0.9821,,2,2,0.4887,male
3382252371,5,0.6494,0.2016,0.5162,1,male,中,0.9837,0.6289,0.5175,0.4675,,3,1,0.4874,male
3378046534,2,0.4214,0.3727,0.9681,2,female,高,0.5239,0.1664,0.0136,0.9817,,2,2,0.4873,male
2457391220,6,0.4946,0.2409,0.6111,1,male,中,0.7771,0.3706,0.166,0.665,,3,1,0.4792,male
1612529173,1,0.2357,0.1967,0.4637,1,male,中,0.576,0.1181,0.1364,0.1123,,3,1,0.4781,male
1260885002,1,0.4918,0.3508,0.9021,2,female,高,0.6548,0.0775,0.2551,0.9796,,2,2,0.4759,male
2857653200,4,0.574,0.315,0.7946,2,female,高,0.8146,0.1226,0.4419,0.9171,,2,2,0.4743,male
2500950833,3,0.3738,0.3835,0.9503,2,female,高,0.4321,0.0574,0.0277,0.978,,2,2,0.4736,male
2365598130,2,0.3253,0.3345,0.8514,2,male,高,0.2578,0.8883,0.0369,0.1182,,2,2,0.4735,male
213675049,11,0.4899,0.32,0.8893,2,female,高,0.5925,0.4516,0.0131,0.9024,,2,2,0.4703,male
3042290870,430,0.1566,0.1928,0.4729,1,male,中,0.4832,0.0197,0.0103,0.1132,,3,1,0.4702,male
2694509307,1,0.1643,0.1916,0.4651,1,male,中,0.4907,0.0256,0.0286,0.1123,,3,1,0.4693,male
3460193817,89,0.2093,0.1916,0.512,1,male,中,0.5221,0.1149,0.0101,0.1903,,3,1,0.4692,male
2908607342,2,0.339,0.3441,0.8237,1,male,中,0.4692,0.0228,0.0202,0.8439,,3,1,0.4691,male
2169889906,2,0.3396,0.359,0.8793,2,female,高,0.4275,0.0289,0.0113,0.8907,,2,2,0.4655,male
1813651236,26,0.5344,0.2644,0.67,1,male,中,0.7352,0.4363,0.1481,0.8181,,3,1,0.4651,male
3848934393,77,0.1563,0.1818,0.4547,1,male,中,0.4644,0.0383,0.0096,0.1128,,3,1,0.4607,male
3372817346,2,0.5574,0.2557,0.699,1,male,中,0.8455,0.1465,0.5861,0.6515,,3,1,0.4578,male
815241872,21,0.7398,0.193,0.53,2,male,高,0.9719,0.8186,0.4419,0.7267,,2,2,0.4577,male
2137403764,5,0.3342,0.2954,0.7164,1,male,中,0.5051,0.0883,0.0135,0.7299,,3,1,0.4576,male
2698498501,3,0.4995,0.2027,0.5236,1,male,中,0.775,0.3708,0.2513,0.601,,3,1,0.4573,male
848935437,40,0.4383,0.3309,0.8896,2,female,高,0.521,0.2621,0.0403,0.93,,2,2,0.4563,male
2061904931,7,0.3617,0.3302,0.8399,1,male,中,0.4548,0.1118,0.0202,0.8601,,3,1,0.4518,male
1206257577,80,0.4047,0.3372,0.8697,2,female,高,0.4802,0.165,0.0519,0.9216,,2,2,0.4514,male
1478273559,1,0.4712,0.3327,0.8966,2,female,高,0.5304,0.2961,0.0809,0.9775,,2,2,0.4487,male
629451839,110,0.2693,0.1978,0.4789,1,male,中,0.4238,0.498,0.019,0.1364,,3,1,0.4445,male
2843847500,330,0.2067,0.1744,0.4565,1,male,中,0.4752,0.0924,0.0187,0.2403,,3,1,0.4435,male
1307682674,3,0.1453,0.1628,0.404,1,male,中,0.4193,0.0307,0.0153,0.1158,,3,1,0.4406,male
2144895949,21,0.1647,0.1571,0.4052,1,male,中,0.4303,0.0821,0.0251,0.1211,,3,1,0.4386,male
2805226872,65,0.4373,0.1722,0.4513,1,male,中,0.6929,0.3262,0.2416,0.4884,,3,1,0.438,male
3022909483,1,0.3332,0.2217,0.5831,1,male,中,0.4147,0.652,0.069,0.197,,3,1,0.4367,male
1411877823,5,0.2639,0.1752,0.4833,1,male,中,0.5392,0.0559,0.2033,0.2573,,3,1,0.4354,male
1610059852,4,0.4409,0.2747,0.776,2,male,高,0.4202,0.8311,0.0551,0.4573,,2,2,0.4351,male
778949261,870,0.2766,0.1638,0.4276,1,male,中,0.4766,0.3774,0.049,0.2034,male,3,1,0.435,male
1635604991,43,0.3128,0.1903,0.4973,1,male,中,0.5749,0.0776,0.4006,0.1981,,3,1,0.4321,male
2049014399,411,0.4062,0.1592,0.4372,1,male,中,0.6126,0.4694,0.1755,0.3671,,3,1,0.432,male
3304400858,9,0.7724,0.2745,0.6775,2,female,高,0.9814,0.3039,0.8544,0.9498,,2,2,0.4319,male
2522720040,45,0.7492,0.3131,0.7711,1,female,中,0.9087,0.2096,0.8977,0.9808,,1,3,0.4303,female
2757698037,455,0.4828,0.2057,0.5039,1,male,中,0.6446,0.4986,0.142,0.6459,male,3,1,0.4301,male
3844203585,3,0.5262,0.3039,0.8475,2,male,高,0.4427,0.9656,0.5784,0.1181,,2,2,0.4297,male
402131373,1,0.6199,0.3268,0.8103,1,male,中,0.7596,0.058,0.8683,0.7937,,3,1,0.429,male
1476425991,1,0.7458,0.2551,0.6373,2,female,高,0.9507,0.3441,0.7072,0.9814,,2,2,0.4267,male
2455561354,3,0.1501,0.1431,0.3688,1,male,中,0.3914,0.0709,0.0226,0.1156,,3,1,0.4242,male
1692608760,80,0.6216,0.3406,0.8384,1,male,中,0.5019,0.911,0.956,0.1176,,1,3,0.4236,female
3149308400,13,0.2898,0.1902,0.457,1,male,中,0.4864,0.1871,0.0294,0.4562,,3,1,0.4236,male
3470618647,1266,0.2457,0.158,0.4337,1,male,中,0.4619,0.1923,0.0282,0.3005,,3,1,0.4231,male
3260811582,2,0.7333,0.2386,0.5923,2,male,高,0.8046,0.9187,0.8836,0.3264,,2,2,0.4228,male
3032167091,9,0.4136,0.2324,0.5712,1,male,中,0.4766,0.5891,0.0179,0.5708,,3,1,0.4214,male
1319672117,2,0.196,0.1417,0.3694,1,male,中,0.3917,0.2611,0.0223,0.1089,,3,1,0.421,male
3273354183,1,0.7762,0.2015,0.4179,2,female,高,0.9737,0.5862,0.5634,0.9814,,2,2,0.4194,male
2685879549,4,0.3472,0.3761,0.9669,2,female,高,0.2532,0.1384,0.0152,0.9821,,2,2,0.419,male
3038117065,53,0.307,0.324,0.8148,1,male,中,0.3293,0.0582,0.0129,0.8276,,3,1,0.4187,male
2983573785,8,0.528,0.2224,0.5757,1,male,中,0.7469,0.1711,0.5163,0.678,,3,1,0.4184,male
2608167684,63,0.3883,0.2559,0.6517,1,male,中,0.5432,0.065,0.2284,0.7167,,3,1,0.4165,male
3136064047,4,0.7841,0.2353,0.5792,2,female,高,0.9844,0.4052,0.7692,0.9778,,2,2,0.4154,male
3309639790,1,0.3661,0.3657,0.9581,2,female,高,0.2758,0.1877,0.0214,0.9795,,2,2,0.4148,male
1984601493,4,0.7924,0.2663,0.6466,2,female,高,0.9665,0.3355,0.8852,0.9822,,2,2,0.4136,male
1634620632,4,0.3657,0.2805,0.7777,2,male,高,0.2703,0.7923,0.0146,0.3856,,2,2,0.412,male
3066852293,14,0.675,0.3092,0.7771,2,female,高,0.7932,0.1455,0.8386,0.9226,,2,2,0.4113,male
2934143347,35,0.2948,0.3116,0.7879,1,male,中,0.3138,0.0614,0.0082,0.7961,,3,1,0.4093,male
2077956030,1,0.3318,0.1833,0.3927,1,male,中,0.536,0.1433,0.4928,0.1552,,3,1,0.4093,male
3114885736,2,0.3004,0.3857,0.9472,1,female,中,0.1714,0.0553,0.0138,0.961,,3,1,0.4089,male
2764502669,1,0.1651,0.1269,0.3379,1,male,中,0.3747,0.1052,0.0367,0.1438,,3,1,0.4079,male
2984738151,1,0.4314,0.3428,0.9477,2,female,高,0.3345,0.3886,0.0274,0.9751,,2,2,0.4078,male
2939948918,2,0.1439,0.1261,0.3398,1,male,中,0.351,0.0933,0.0112,0.12,,3,1,0.4077,male
3646641706,22,0.6007,0.2484,0.6395,2,female,高,0.6992,0.4281,0.318,0.9575,,2,2,0.4062,male
3500776446,12,0.1959,0.1348,0.3335,1,male,中,0.3482,0.3006,0.0147,0.1203,,3,1,0.405,male
1053107962,1,0.5871,0.2646,0.7203,2,female,高,0.6435,0.464,0.2603,0.9806,,2,2,0.4046,male
2475148281,1,0.1357,0.1262,0.3107,1,male,中,0.3487,0.0379,0.045,0.1111,,3,1,0.4045,male
1307158851,23,0.4746,0.298,0.794,2,female,高,0.5333,0.1348,0.3017,0.9288,,2,2,0.4028,male
847338913,7,0.2217,0.1333,0.3315,1,male,中,0.434,0.1025,0.2365,0.1141,,3,1,0.4027,male
815047038,1,0.797,0.1912,0.4404,2,female,高,0.982,0.5416,0.6833,0.9811,,2,2,0.4008,male
3182405212,1,0.3951,0.3482,0.8983,2,female,高,0.3121,0.2033,0.0834,0.9816,,2,2,0.4006,male
2434708716,51,0.5838,0.1407,0.3656,1,male,中,0.7734,0.4988,0.6552,0.4078,,3,1,0.3987,male
1137219009,21,0.3781,0.308,0.768,1,male,中,0.4023,0.1338,0.8722,0.1042,,3,1,0.3979,male
1591798171,455,0.2621,0.4138,0.9684,1,female,中,0.0403,0.0193,0.0102,0.9786,male,3,1,0.3968,male
3491208339,3,0.4048,0.2022,0.5509,1,male,中,0.4305,0.6291,0.0782,0.4815,,3,1,0.394,male
1033239240,1,0.4771,0.4135,0.9385,2,female,高,0.0963,0.7871,0.0433,0.9818,,2,2,0.3923,male
1969234374,1,0.3088,0.3885,0.9647,1,female,中,0.1182,0.1276,0.0124,0.9771,,3,1,0.3923,male
2090135719,2,0.5373,0.315,0.8581,2,female,高,0.4148,0.655,0.1107,0.9687,,2,2,0.3923,male
2452382514,2,0.2178,0.1347,0.3282,1,male,中,0.3302,0.3622,0.034,0.1449,,3,1,0.3922,male
361023813,4,0.2698,0.4086,0.9677,1,female,中,0.0435,0.0493,0.0094,0.977,,3,1,0.392,male
2825232647,1,0.2734,0.4082,0.9572,1,female,中,0.0522,0.0384,0.023,0.9802,,3,1,0.392,male
360504185,57,0.4484,0.3898,0.8235,1,male,中,0.1021,0.833,0.0174,0.8409,,3,1,0.3917,male
3089584530,12,0.2065,0.1194,0.279,1,male,中,0.3415,0.3057,0.0625,0.1162,,3,1,0.3915,male
3155407924,3,0.1812,0.1224,0.3351,1,male,中,0.3498,0.137,0.0146,0.2235,,3,1,0.391,male
3461383089,8,0.2777,0.3989,0.9538,1,female,中,0.0701,0.0593,0.0139,0.9677,,3,1,0.3905,male
1335412793,2,0.2316,0.2868,0.6984,1,male,中,0.0598,0.7255,0.0271,0.1141,,3,1,0.3893,male
2059500534,545,0.2527,0.4008,0.9378,1,female,中,0.0401,0.0153,0.0088,0.9467,male,3,1,0.3879,male
2837292525,1,0.7712,0.1877,0.4556,2,female,高,0.938,0.4905,0.7101,0.9461,,2,2,0.3876,male
1757193004,299,0.4361,0.1344,0.3374,1,male,中,0.5963,0.3581,0.2589,0.5313,female,3,1,0.3875,male
2432751282,3,0.2624,0.148,0.3745,1,male,中,0.3557,0.3871,0.0126,0.2941,,3,1,0.3872,male
1770630961,1,0.5273,0.2842,0.7167,2,female,高,0.5514,0.2654,0.3102,0.9821,,2,2,0.387,male
2713471283,192,0.184,0.1036,0.283,1,male,中,0.3521,0.1536,0.0691,0.1611,,3,1,0.3863,male
1470876678,3,0.4047,0.3245,0.8166,2,male,高,0.3688,0.177,0.9447,0.1281,,2,2,0.3862,female
439161815,588,0.2505,0.3973,0.9275,1,female,中,0.0408,0.0121,0.0108,0.9383,male,3,1,0.3854,male
1194251507,15,0.3682,0.3275,0.8514,2,female,高,0.2828,0.2019,0.0684,0.9198,,2,2,0.3846,male
2159492514,982,0.3922,0.2977,0.7368,2,male,高,0.1867,0.896,0.1592,0.3271,,2,2,0.384,male
1684184208,15,0.2662,0.1402,0.3604,1,male,中,0.3458,0.4495,0.0891,0.1805,,3,1,0.384,male
3042716668,9,0.2392,0.2835,0.6921,1,male,中,0.0623,0.7261,0.034,0.1345,,3,1,0.3837,male
383652341,1,0.2853,0.4032,0.9708,1,female,中,0.0389,0.1118,0.0098,0.9806,,3,1,0.3831,male
2926481986,2,0.314,0.3883,0.9566,1,female,中,0.0962,0.1522,0.0255,0.9821,,3,1,0.3822,male
2298816342,1206,0.3359,0.1326,0.3348,1,male,中,0.4766,0.2871,0.1418,0.4381,male,3,1,0.3818,male
2221043945,2,0.6426,0.1043,0.2343,2,male,高,0.7725,0.7177,0.5382,0.542,,2,2,0.3815,male
1990240358,22,0.5826,0.1083,0.2931,1,male,中,0.7598,0.4667,0.5415,0.5624,,3,1,0.3807,male
3059377663,5,0.107,0.1046,0.2647,1,male,中,0.2747,0.0283,0.01,0.1148,,3,1,0.3805,male
919157563,6,0.4202,0.3161,0.8651,2,female,高,0.2837,0.4852,0.0235,0.8885,,2,2,0.3803,male
1973028240,2,0.2813,0.3999,0.9569,1,female,中,0.0377,0.1006,0.0149,0.9718,,3,1,0.38,male
1302829348,1,0.3785,0.3043,0.8257,1,male,中,0.3935,0.0304,0.8561,0.2341,,3,1,0.3791,male
3041114841,12,0.3936,0.3532,0.9408,2,female,高,0.1982,0.3986,0.0185,0.9593,,2,2,0.3789,male
3514684039,2,0.2644,0.3961,0.9265,1,female,中,0.0375,0.0458,0.0238,0.9503,,3,1,0.3787,male
113870842,2,0.6804,0.1326,0.3339,2,male,高,0.7566,0.8557,0.5218,0.5873,,2,2,0.3786,male
964339372,21,0.3917,0.3463,0.9156,2,female,高,0.2295,0.3153,0.0532,0.9688,,2,2,0.3776,male
2918632355,6,0.813,0.2204,0.5456,2,female,高,0.9476,0.4358,0.887,0.9814,,2,2,0.3774,male
1311963314,10,0.4469,0.2515,0.6853,2,male,高,0.3511,0.7898,0.5422,0.1045,,2,2,0.3771,male
2770905437,1,0.2834,0.3738,0.9043,1,female,中,0.0966,0.0831,0.0247,0.9291,,3,1,0.3767,male
2012914170,6,0.3723,0.1613,0.4429,1,male,中,0.4224,0.5563,0.3972,0.1133,,3,1,0.3764,male
2980156716,2966,0.4991,0.2787,0.7216,2,male,高,0.3249,0.9587,0.4758,0.237,,2,2,0.3759,male
2513688454,2,0.3591,0.1885,0.5196,1,male,中,0.4299,0.3182,0.0843,0.6039,,3,1,0.3756,male
1850705118,60,0.5011,0.0901,0.241,1,male,中,0.6465,0.4983,0.4055,0.454,,3,1,0.3756,male
284256062,113,0.4312,0.3272,0.8657,2,female,高,0.3067,0.325,0.1138,0.9794,,2,2,0.3738,male
1225663461,6,0.1249,0.0911,0.2536,1,male,中,0.2676,0.1053,0.014,0.1127,,3,1,0.3728,male
1453224144,470,0.3891,0.2197,0.5308,1,male,中,0.4611,0.1867,0.1914,0.7175,male,3,1,0.3727,male
1165638972,3,0.4867,0.1788,0.4927,1,male,中,0.5445,0.5045,0.2026,0.6954,,3,1,0.372,male
3312088057,13,0.246,0.2509,0.6146,0,male,低,0.1076,0.6784,0.0638,0.134,,4,0,0.3715,male
1654247688,1,0.2972,0.3879,0.946,1,female,中,0.0508,0.1578,0.0171,0.9631,,3,1,0.3712,male
1649134132,243,0.2439,0.3595,0.8535,0,male,低,0.082,0.0175,0.0113,0.8648,male,4,0,0.3707,male
1215892967,804,0.4375,0.1792,0.4921,1,male,中,0.5084,0.3915,0.179,0.6711,,3,1,0.3703,male
168310897,1,0.2662,0.3732,0.8949,1,female,中,0.0654,0.0712,0.0167,0.9115,,3,1,0.3701,male
1649626155,1,0.5806,0.25,0.6978,2,female,高,0.5648,0.5213,0.2692,0.967,,2,2,0.37,male
2537717607,1,0.3398,0.3755,0.9522,1,female,中,0.0974,0.2738,0.0179,0.9701,,3,1,0.3698,male
769967529,154,0.2757,0.3894,0.9206,1,female,中,0.0522,0.0291,0.0719,0.9497,male,3,1,0.3694,male
3251083209,1,0.2418,0.3792,0.8871,1,female,中,0.0315,0.0257,0.0115,0.8985,,3,1,0.369,male
1461233598,110,0.9012,0.1408,0.3266,1,male,中,0.9805,0.984,0.9831,0.6573,female,1,3,0.3686,female
3405033743,137,0.0996,0.0928,0.2366,1,male,中,0.2459,0.0308,0.0093,0.1123,,3,1,0.3686,male
1976685198,5,0.4098,0.351,0.9012,1,female,中,0.1611,0.546,0.0154,0.9165,,3,1,0.3683,male
3783833591,2,0.6395,0.2222,0.5784,2,female,高,0.683,0.4891,0.4038,0.9822,,2,2,0.3678,male
240733212,57,0.1997,0.1605,0.4362,1,male,中,0.2078,0.4512,0.015,0.1248,,3,1,0.3676,male
504061990,3,0.3841,0.3757,0.955,1,female,中,0.101,0.4455,0.0174,0.9724,,3,1,0.367,male
1252674979,85,0.3166,0.3362,0.853,1,male,中,0.2313,0.0329,0.886,0.1161,,3,1,0.3667,male
1691385599,1998,0.1516,0.0927,0.2599,1,male,中,0.2696,0.168,0.0098,0.1589,,3,1,0.3664,male
3178142562,1,0.2331,0.1102,0.2905,1,male,中,0.3856,0.0951,0.2814,0.1705,,3,1,0.3659,male
1563184800,171,0.236,0.3665,0.861,1,female,中,0.0445,0.0198,0.0094,0.8703,male,3,1,0.3648,male
153015434,141,0.1495,0.0843,0.2354,1,male,中,0.2686,0.1672,0.0333,0.1291,,3,1,0.3647,male
75400950,79,0.5902,0.1897,0.453,1,male,中,0.6849,0.4188,0.855,0.402,,3,1,0.3642,male
2917019169,17,0.2609,0.3382,0.8243,0,male,低,0.1209,0.0602,0.0191,0.8434,,4,0,0.3641,male
1526507854,2,0.3111,0.3844,0.9288,1,female,中,0.0538,0.1786,0.0416,0.9704,,3,1,0.3631,male
3350976513,14,0.4048,0.3444,0.884,1,female,中,0.1593,0.5334,0.0212,0.9052,,3,1,0.3625,male
205292669,1,0.6766,0.2243,0.6183,2,female,高,0.7545,0.3598,0.6138,0.9781,,2,2,0.3625,male
1984129480,2,0.3897,0.3576,0.92,1,female,中,0.1618,0.3525,0.0623,0.9822,,3,1,0.3623,male
2363134035,1,0.8983,0.121,0.2926,1,male,中,0.9819,0.966,0.9561,0.6893,,1,3,0.362,female
177571686,1,0.8286,0.1639,0.412,2,female,高,0.9569,0.5694,0.807,0.9813,,2,2,0.3606,male
1958581299,107,0.1638,0.0833,0.2155,1,male,中,0.3023,0.0868,0.1526,0.1136,,3,1,0.3605,male
2634580819,1,0.3533,0.3762,0.9432,1,female,中,0.0799,0.3248,0.0327,0.9759,,3,1,0.3604,male
3459162091,1,0.1201,0.0776,0.217,1,male,中,0.2395,0.1136,0.0224,0.1049,,3,1,0.3601,male
3969964584,325,0.6713,0.2139,0.578,2,female,高,0.7669,0.3252,0.6899,0.9032,,2,2,0.3598,male
2729898310,2,0.3597,0.3845,0.9549,1,female,中,0.0501,0.3909,0.0214,0.9762,,3,1,0.3596,male
2082785707,3,0.3475,0.3664,0.887,1,female,中,0.1526,0.0935,0.1635,0.9805,,3,1,0.3579,male
2213154584,295,0.2293,0.3599,0.8424,0,male,低,0.0359,0.0188,0.01,0.8524,male,4,0,0.3579,male
2622925346,1,0.3071,0.3767,0.9288,1,female,中,0.0411,0.2286,0.015,0.9438,,3,1,0.3578,male
2906939562,1,0.3342,0.3256,0.8597,1,female,中,0.16,0.2951,0.011,0.8707,,3,1,0.3574,male
1686225786,67,0.339,0.2929,0.7706,1,male,中,0.2445,0.2188,0.0609,0.8315,,3,1,0.3568,male
3460562526,3,0.1121,0.0827,0.2206,1,male,中,0.2446,0.0239,0.0673,0.1128,,3,1,0.3565,male
715272580,87,0.5626,0.1872,0.5195,1,male,中,0.5997,0.5022,0.3146,0.834,,3,1,0.3563,male
334994247,2,0.4737,0.2537,0.708,1,male,中,0.4058,0.4761,0.1524,0.8604,,3,1,0.3556,male
2854196310,7,0.2662,0.3118,0.7835,0,male,低,0.1482,0.1001,0.0165,0.8,,4,0,0.3551,male
819141500,60,0.3033,0.2574,0.6695,0,male,低,0.1289,0.6869,0.0174,0.3799,male,4,0,0.3544,male
3359965313,3,0.3972,0.3292,0.7252,1,male,中,0.1015,0.7633,0.0381,0.6856,,3,1,0.3536,male
1197677845,524,0.2368,0.1385,0.3895,1,male,中,0.2467,0.4392,0.0497,0.2116,male,3,1,0.3532,male
1025505036,6,0.6548,0.208,0.5182,2,female,高,0.6885,0.4858,0.4633,0.9816,,2,2,0.3517,male
2498419003,256,0.4511,0.1969,0.5021,1,male,中,0.5088,0.2449,0.3039,0.747,male,3,1,0.3516,male
3434568972,18,0.4988,0.1671,0.4685,1,male,中,0.527,0.5138,0.2429,0.7114,,3,1,0.3516,male
3395457558,643,0.3778,0.1974,0.523,1,male,中,0.4069,0.2586,0.1613,0.6843,male,3,1,0.35,male
2517292130,1,0.4638,0.3892,0.9117,2,female,高,0.0702,0.6973,0.1059,0.9818,,2,2,0.3498,male
1304360148,2,0.6102,0.2245,0.6108,2,female,高,0.5977,0.5147,0.3589,0.9696,,2,2,0.3494,male
3230040069,2,0.461,0.1329,0.3539,1,male,中,0.4839,0.5952,0.2413,0.5234,,3,1,0.3492,male
1540602849,4,0.5023,0.2617,0.7244,2,female,高,0.4992,0.1853,0.4151,0.9097,,2,2,0.3491,male
1063896099,3,0.142,0.0777,0.2046,1,male,中,0.2237,0.19,0.0191,0.1353,,3,1,0.349,male
1115154487,3,0.718,0.2437,0.6575,2,female,高,0.7665,0.318,0.8121,0.9754,,2,2,0.3482,male
2957772437,338,0.2228,0.343,0.8057,0,male,低,0.0412,0.0224,0.0109,0.8166,male,4,0,0.3481,male
912805610,8,0.0983,0.0706,0.1909,1,male,中,0.203,0.0628,0.0121,0.1152,,3,1,0.3476,male
234300537,202,0.3173,0.2196,0.6109,1,male,中,0.2947,0.2643,0.0497,0.6606,male,3,1,0.3469,male
2379295254,59,0.3923,0.1679,0.4662,1,male,中,0.3454,0.6554,0.1892,0.3793,,3,1,0.3461,male
2664463054,22,0.5037,0.1075,0.2721,1,male,中,0.5854,0.4623,0.3474,0.6195,,3,1,0.3459,male
3274263575,1,0.5734,0.2494,0.686,2,female,高,0.5054,0.5265,0.2878,0.9738,,2,2,0.3456,male
1520163187,276,0.3065,0.3937,0.9473,3,male,高,0.0548,0.037,0.9843,0.1499,female,3,1,0.3452,female
3452867113,1,0.863,0.1545,0.3814,1,female,中,0.9697,0.6011,0.8987,0.9825,,1,3,0.3447,female
3112851232,10,0.5563,0.2042,0.5543,1,male,中,0.6171,0.2958,0.8501,0.462,,3,1,0.3441,male
2047556159,78,0.1738,0.1057,0.2946,1,male,中,0.2039,0.3145,0.0199,0.1568,,3,1,0.3433,male
2128099887,35,0.2133,0.2197,0.5494,0,male,低,0.0733,0.5862,0.0368,0.1568,,4,0,0.3426,male
1291706912,4,0.1753,0.2171,0.536,0,male,低,0.0384,0.5464,0.0104,0.1061,,4,0,0.342,male
3816865038,2,0.5842,0.2431,0.6728,2,female,高,0.5094,0.5671,0.2937,0.9665,,2,2,0.3417,male
2187786386,81,0.8543,0.0627,0.173,2,male,高,0.9473,0.8305,0.7743,0.8652,,2,2,0.3417,male
2754717141,77,0.1028,0.0627,0.1763,1,male,中,0.1911,0.0932,0.0148,0.112,,3,1,0.3413,male
1551278665,10,0.3036,0.135,0.3462,1,male,中,0.3692,0.2122,0.1433,0.4895,,3,1,0.3411,male
2281047532,23,0.5621,0.1901,0.537,1,male,中,0.547,0.5691,0.2976,0.8346,,3,1,0.341,male
941779229,51,0.1095,0.0852,0.1864,1,male,中,0.2038,0.0321,0.0175,0.1848,,3,1,0.3403,male
2948988043,1186,0.2517,0.3418,0.8306,0,male,低,0.0369,0.1218,0.0087,0.8394,male,4,0,0.3399,male
2780529603,15,0.2245,0.3235,0.7736,0,male,低,0.0587,0.045,0.0104,0.784,,4,0,0.3398,male
2799856190,3,0.6278,0.2417,0.663,2,female,高,0.5301,0.6887,0.3148,0.9778,,2,2,0.3397,male
3176408669,48,0.1429,0.086,0.2316,1,male,中,0.1861,0.2509,0.0193,0.1152,,3,1,0.3396,male
2787348087,102,0.1639,0.1243,0.3434,0,male,低,0.16,0.3587,0.0153,0.1217,,4,0,0.3394,male
2738424708,5,0.4571,0.3102,0.7181,1,male,中,0.177,0.8486,0.6724,0.1305,,3,1,0.3387,male
1640950184,2,0.2498,0.2548,0.6655,1,male,中,0.1816,0.1265,0.0128,0.6784,,3,1,0.3387,male
2834417063,10,0.1754,0.2106,0.5177,0,male,低,0.0426,0.5362,0.0185,0.1043,,4,0,0.3386,male
1095049312,1,0.2496,0.3156,0.7688,0,male,低,0.0905,0.0882,0.0256,0.7944,,4,0,0.3383,male
1580128746,67,0.7815,0.1653,0.3861,2,female,高,0.8719,0.4953,0.8813,0.8774,,2,2,0.3374,male
476637481,1,0.9039,0.0831,0.194,3,female,高,0.9846,0.8581,0.7906,0.9824,,1,3,0.3374,male
2952216258,26,0.1743,0.2066,0.5093,0,male,低,0.0457,0.528,0.0187,0.1046,,4,0,0.3373,male
2605499199,3,0.9082,0.0952,0.2371,3,female,高,0.9553,0.9512,0.7446,0.9817,,1,3,0.336,male
3628450744,2,0.5737,0.238,0.6408,2,female,高,0.5131,0.4893,0.3258,0.9666,,2,2,0.3357,male
3086174232,31,0.2442,0.3086,0.7571,0,male,低,0.0888,0.0922,0.0193,0.7763,,4,0,0.3351,male
523918949,27,0.0892,0.0683,0.1644,0,male,低,0.1751,0.0351,0.0107,0.136,,4,0,0.3351,male
3510716918,445,0.0809,0.0626,0.1575,0,male,低,0.1673,0.0343,0.0098,0.1121,,4,0,0.3351,male
1654463506,1,0.5886,0.2331,0.6437,2,female,高,0.5013,0.6205,0.2945,0.9381,,2,2,0.3348,male
2050269982,4,0.1157,0.065,0.1646,0,male,低,0.175,0.1636,0.0104,0.1139,,4,0,0.3348,male
399605976,61,0.1993,0.2047,0.5208,1,male,中,0.1966,0.0541,0.0129,0.5337,,3,1,0.3344,male
1969079577,226,0.3071,0.1871,0.4906,1,male,中,0.316,0.1898,0.1161,0.6067,male,3,1,0.3339,male
2625878289,119,0.1632,0.2013,0.496,0,male,低,0.0365,0.5076,0.0116,0.0969,,4,0,0.3338,male
1792368625,790,0.4656,0.1553,0.4283,1,male,中,0.4905,0.4063,0.2687,0.6969,,3,1,0.3338,male
487470538,2,0.6125,0.2164,0.5927,2,female,高,0.5706,0.5477,0.3696,0.9623,,2,2,0.3332,male
2774659614,10,0.4604,0.2896,0.763,2,female,高,0.2997,0.4324,0.1732,0.9362,,2,2,0.333,male
318210780,20,0.5909,0.1803,0.4645,2,female,高,0.6069,0.4649,0.4137,0.8782,,2,2,0.3325,male
1394876195,85,0.1739,0.1034,0.2899,0,male,低,0.1781,0.3285,0.0385,0.1504,,4,0,0.3309,male
2096281742,1,0.271,0.1283,0.3583,1,male,中,0.2497,0.4707,0.2514,0.1124,,3,1,0.3307,male
334239262,12,0.4528,0.109,0.3007,1,male,中,0.4942,0.4456,0.2853,0.586,,3,1,0.3306,male
2129976093,8,0.2165,0.3006,0.7107,0,male,低,0.0768,0.0282,0.0251,0.7359,,4,0,0.3304,male
2803093623,11924,0.2648,0.3638,0.88,3,male,高,0.0434,0.0118,0.8918,0.112,male,3,1,0.3302,female
1046636617,1105,0.3125,0.2645,0.6642,1,male,中,0.2199,0.1649,0.1004,0.7647,male,3,1,0.33,male
2867958627,7,0.3286,0.1193,0.3013,1,male,中,0.3841,0.2398,0.1946,0.4959,,3,1,0.3298,male
3100603151,2,0.2349,0.3187,0.7752,0,male,低,0.0461,0.1007,0.0088,0.784,,4,0,0.3297,male
471585490,1,0.1481,0.1249,0.3352,0,male,低,0.1212,0.3543,0.0191,0.0977,,4,0,0.329,male
1403627771,22,0.5794,0.1403,0.3889,1,male,中,0.6049,0.5325,0.3956,0.7845,,3,1,0.3289,male
1271605473,18,0.1629,0.1962,0.4862,0,male,低,0.0353,0.4969,0.0107,0.1086,,4,0,0.3288,male
2124957352,16,0.862,0.0988,0.2379,1,male,中,0.9472,0.7279,0.9658,0.8072,,1,3,0.3288,female
2987712942,4,0.3447,0.3289,0.7575,0,male,低,0.0381,0.5638,0.0097,0.7672,,4,0,0.3279,male
1254700092,2,0.1705,0.0773,0.2118,1,male,中,0.1959,0.2782,0.0664,0.1415,,3,1,0.3279,male
2775323636,23,0.3211,0.3227,0.816,0,male,低,0.0804,0.336,0.0261,0.8421,,4,0,0.3278,male
2070563816,8,0.1098,0.0506,0.1412,0,male,低,0.1737,0.1088,0.0325,0.1241,,4,0,0.3277,male
1556751965,4,0.2007,0.2683,0.6494,0,male,低,0.1054,0.0244,0.0118,0.6611,,4,0,0.3274,male
2994716319,3,0.2933,0.3129,0.7909,0,male,低,0.0893,0.2365,0.0282,0.8192,,4,0,0.3273,male
2632486732,12,0.3169,0.2174,0.5463,1,male,中,0.2017,0.4766,0.0216,0.5679,,3,1,0.3269,male
3411099516,1,0.1572,0.1669,0.4277,0,male,低,0.0698,0.4405,0.0128,0.1059,,4,0,0.3266,male
3313266602,1,0.2276,0.3204,0.7482,0,male,低,0.0401,0.0536,0.0343,0.7825,,4,0,0.3261,male
2123043464,10,0.0855,0.0514,0.1376,0,male,低,0.1498,0.0674,0.0122,0.1126,,4,0,0.3256,male
1517003939,963,0.3317,0.1627,0.4414,1,male,中,0.2529,0.5834,0.1419,0.3487,,3,1,0.3254,male
3482880952,7,0.2443,0.0917,0.2189,1,male,中,0.3058,0.1684,0.142,0.3609,,3,1,0.3254,male
3025626397,1,0.2744,0.3332,0.8006,0,male,低,0.0463,0.1523,0.052,0.8469,,4,0,0.3251,male
1186358507,1,0.4041,0.3684,0.9256,1,female,中,0.0524,0.473,0.1128,0.9781,,3,1,0.3249,male
2544316998,2,0.2274,0.3075,0.7474,0,male,低,0.0499,0.0918,0.0103,0.7577,,4,0,0.3246,male
1243287854,78,0.0763,0.0527,0.1293,0,male,低,0.1443,0.036,0.0149,0.1098,,4,0,0.3245,male
1942879534,30,0.0844,0.0583,0.1385,0,male,低,0.1493,0.0445,0.0108,0.1332,,4,0,0.324,male
2645162546,1,0.2882,0.3401,0.8205,1,female,中,0.0555,0.1202,0.1012,0.876,,3,1,0.3229,male
1640440761,495,0.2031,0.2966,0.7066,0,male,低,0.0495,0.037,0.0097,0.7163,male,4,0,0.3226,male
3050606847,1,0.7673,0.2329,0.596,1,female,中,0.7781,0.3849,0.9254,0.9809,,1,3,0.3225,female
1035825498,9,0.4947,0.133,0.3243,1,male,中,0.4705,0.6105,0.2869,0.6111,,3,1,0.3223,male
1542746253,19,0.1612,0.1637,0.4139,0,male,低,0.069,0.4401,0.0262,0.1096,,4,0,0.3217,male
2167607065,1,0.1637,0.1055,0.2805,0,male,低,0.1444,0.3384,0.058,0.1142,,4,0,0.3214,male
3496534579,8,0.0712,0.0521,0.1241,0,male,低,0.1334,0.0314,0.0093,0.1108,,4,0,0.3214,male
1312167436,48,0.1268,0.0997,0.2555,0,male,低,0.1729,0.0581,0.0103,0.2659,male,4,0,0.3208,male
3619383163,3,0.7933,0.1802,0.4847,2,female,高,0.8387,0.4957,0.8583,0.9804,,2,2,0.3206,male
3103856427,27,0.6225,0.1344,0.38,1,male,中,0.6257,0.6181,0.4332,0.8132,,3,1,0.3205,male
1311887667,1,0.1248,0.0754,0.2119,0,male,低,0.1384,0.2256,0.0137,0.1213,,4,0,0.3204,male
2830825244,22,0.0888,0.064,0.1431,0,male,低,0.1475,0.037,0.0138,0.1569,,4,0,0.3202,male
3536585707,2,0.0727,0.0511,0.1218,0,male,低,0.1323,0.0352,0.0105,0.1129,,4,0,0.3201,male
1957762024,2,0.1483,0.1744,0.4331,0,male,低,0.0362,0.4454,0.0122,0.0995,,4,0,0.3192,male
1786412351,15,0.2204,0.2897,0.7042,0,male,低,0.0644,0.0802,0.0164,0.7206,,4,0,0.3188,male
3230567402,13,0.3329,0.2714,0.6848,0,male,低,0.1317,0.4644,0.0254,0.7102,,4,0,0.3182,male
2898842718,6,0.2337,0.1651,0.441,0,male,低,0.1403,0.4795,0.0385,0.2763,,4,0,0.3181,male
2862783401,7,0.3844,0.1552,0.4052,1,male,中,0.2979,0.6427,0.2375,0.3597,,3,1,0.3178,male
2260485866,8,0.4533,0.313,0.7263,1,male,中,0.1145,0.8408,0.1783,0.6796,,3,1,0.3174,male
839217225,19,0.4417,0.2972,0.8101,2,male,高,0.3389,0.114,0.9241,0.3898,,2,2,0.3172,female
2066530468,9,0.5866,0.1744,0.4435,2,female,高,0.5795,0.4645,0.4294,0.8729,,2,2,0.3172,male
3263587513,3,0.3311,0.3014,0.7558,0,male,低,0.0898,0.417,0.031,0.7868,,4,0,0.3168,male
3488095996,662,0.1887,0.2858,0.6724,0,male,低,0.0444,0.0164,0.0109,0.6833,male,4,0,0.3166,male
2024386307,6,0.1653,0.1626,0.4026,0,male,低,0.0637,0.4433,0.0407,0.1135,,4,0,0.3158,male
2819659340,36,0.4315,0.1475,0.4059,1,male,中,0.4289,0.3766,0.2572,0.6632,,3,1,0.3158,male
2942096394,2,0.3984,0.1989,0.4919,1,male,中,0.2855,0.5524,0.1319,0.6238,,3,1,0.315,male
2167816329,14,0.732,0.1481,0.3648,2,male,高,0.6893,0.8582,0.8726,0.5078,,2,2,0.315,male
1391858600,1,0.1409,0.0636,0.1742,0,male,低,0.1572,0.2122,0.0379,0.1563,,4,0,0.3149,male
2302991665,6,0.1004,0.0544,0.1454,0,male,低,0.1229,0.1557,0.0104,0.1126,,4,0,0.3141,male
3542133092,20,0.0813,0.0439,0.1117,0,male,低,0.1219,0.0798,0.0102,0.1132,,4,0,0.314,male
2456116695,76,0.494,0.1445,0.4003,1,male,中,0.4876,0.449,0.3197,0.7199,,3,1,0.3137,male
2497334418,1,0.1039,0.0622,0.1743,0,male,低,0.1161,0.1831,0.0088,0.1076,,4,0,0.3134,male
2760992428,397,0.1904,0.2716,0.6459,0,male,低,0.0606,0.0272,0.0138,0.6598,male,4,0,0.3133,male
2091313430,5,0.6227,0.2645,0.7226,2,female,高,0.5732,0.2272,0.7407,0.9498,,2,2,0.3133,male
2786339319,3012,0.1244,0.0841,0.2357,0,male,低,0.1136,0.2534,0.0177,0.1128,male,4,0,0.3132,male
3677552024,2,0.9255,0.0605,0.1428,0,female,低,0.9828,0.84,0.8969,0.9822,,0,4,0.3132,female
1579914298,220,0.424,0.1263,0.3126,1,male,中,0.3907,0.53,0.2313,0.5439,,3,1,0.3131,male
2026691756,2,0.1993,0.2833,0.6762,0,male,低,0.0469,0.0478,0.0131,0.6893,,4,0,0.313,male
2768774146,9,0.3185,0.2869,0.6996,0,male,低,0.0777,0.4682,0.0143,0.7139,,4,0,0.3128,male
1421971856,4,0.5159,0.1841,0.4832,1,male,中,0.4282,0.6209,0.2657,0.7489,,3,1,0.3125,male
2407973786,50,0.2875,0.3151,0.7698,0,male,低,0.052,0.2319,0.048,0.8179,,4,0,0.3123,male
2980635289,14,0.4998,0.1366,0.3855,1,male,中,0.484,0.5024,0.3136,0.6991,,3,1,0.3121,male
2057335616,7,0.2255,0.0782,0.1942,1,male,中,0.2328,0.2837,0.0955,0.2897,,3,1,0.3119,male
1532878220,2,0.215,0.1802,0.4593,0,male,低,0.0844,0.5046,0.0453,0.2257,,4,0,0.3118,male
328233165,1,0.0829,0.0408,0.1029,0,male,低,0.1187,0.0844,0.0158,0.1126,,4,0,0.3113,male
3160582860,108,0.7921,0.1059,0.2775,2,male,高,0.7748,0.9053,0.8607,0.6278,female,2,2,0.3111,male
2457135714,1,0.0897,0.0491,0.1264,0,male,低,0.1226,0.0904,0.0098,0.1362,,4,0,0.3109,male
1255653441,17,0.1169,0.046,0.1263,0,male,低,0.1359,0.1722,0.046,0.1134,,4,0,0.3105,male
2695836817,2,0.3416,0.1361,0.3833,1,male,中,0.3208,0.3539,0.1543,0.5376,,3,1,0.3104,male
1696543071,1,0.8823,0.0716,0.1892,3,female,高,0.916,0.8441,0.7899,0.9791,,1,3,0.3104,male
1220384810,606,0.3761,0.1132,0.285,1,male,中,0.3454,0.4893,0.2043,0.4654,,3,1,0.3102,male
865957733,1,0.2031,0.2673,0.6532,0,male,低,0.0652,0.0715,0.0112,0.6643,,4,0,0.3099,male
843573361,408,0.3441,0.3507,0.8618,3,male,高,0.0864,0.1871,0.9482,0.1546,,3,1,0.3098,female
3048842262,3,0.1954,0.2787,0.6628,0,male,低,0.0444,0.0446,0.0148,0.6776,,4,0,0.3097,male
1607456429,9,0.2899,0.2585,0.6755,0,male,低,0.1214,0.3182,0.0223,0.6978,,4,0,0.3097,male
1375566511,3,0.3979,0.1693,0.4665,1,male,中,0.3579,0.3615,0.2028,0.6693,,3,1,0.3092,male
2756308289,5,0.3883,0.1607,0.4487,1,male,中,0.3449,0.3943,0.1827,0.6314,,3,1,0.309,male
2933474490,2956,0.9561,0.0466,0.1102,0,female,低,0.9817,0.9857,0.9815,0.8755,female,0,4,0.309,female
1542414308,4,0.7823,0.1084,0.285,2,female,高,0.835,0.6012,0.8068,0.8863,,2,2,0.3089,male
1301862569,7,0.1794,0.077,0.2098,1,male,中,0.1898,0.2084,0.0548,0.2647,,3,1,0.3089,male
995002583,170,0.3853,0.1246,0.3452,1,male,中,0.3848,0.3446,0.2332,0.5784,,3,1,0.3087,male
971494602,12,0.1368,0.1422,0.3635,0,male,低,0.0503,0.3757,0.0122,0.109,,4,0,0.3085,male
2608558852,1,0.1364,0.0992,0.2674,0,male,低,0.1002,0.2997,0.0323,0.1134,,4,0,0.3085,male
3088465867,2,0.0615,0.0466,0.1022,0,male,低,0.1026,0.0192,0.011,0.1133,,4,0,0.3084,male
2053116169,94,0.3508,0.2687,0.6356,0,male,低,0.1223,0.5341,0.0555,0.6911,,4,0,0.3081,male
717340787,2,0.2809,0.2796,0.7132,0,male,低,0.0784,0.2993,0.0164,0.7296,,4,0,0.3077,male
3421213950,4,0.6408,0.2036,0.5477,2,female,高,0.5628,0.5949,0.429,0.9766,,2,2,0.3076,male
2457808909,25,0.9364,0.0383,0.0879,0,female,低,0.9768,0.9087,0.9712,0.8889,,0,4,0.3076,female
3310842712,17,0.0802,0.0363,0.0897,0,male,低,0.1106,0.0804,0.0209,0.109,,4,0,0.3074,male
1853545312,2652,0.3146,0.0954,0.2632,1,male,中,0.3298,0.2782,0.1936,0.4568,male,3,1,0.3072,male
2574358323,1,0.0822,0.042,0.0994,0,male,低,0.1043,0.1059,0.0096,0.109,,4,0,0.3071,male
3101803540,7,0.2295,0.3018,0.7147,0,male,低,0.0372,0.0694,0.0595,0.7519,,4,0,0.3068,male
1627325107,2,0.5209,0.148,0.3891,2,male,高,0.427,0.7519,0.3628,0.5419,,2,2,0.3065,male
3047872725,17,0.0631,0.043,0.1002,0,male,低,0.0992,0.0303,0.0113,0.1115,,4,0,0.3065,male
2698794273,32,0.4885,0.336,0.7987,2,female,高,0.1327,0.695,0.195,0.9314,,2,2,0.3061,male
1256596164,70,0.4046,0.2274,0.6131,1,male,中,0.286,0.4524,0.7467,0.1336,,3,1,0.3061,male
3121338245,2,0.1806,0.2566,0.6084,0,male,低,0.0593,0.0233,0.0157,0.6241,,4,0,0.3059,male
671009847,18,0.0632,0.0437,0.1005,0,male,低,0.099,0.0271,0.0131,0.1136,,4,0,0.3059,male
3509208132,1,0.1669,0.0775,0.2145,1,male,中,0.1862,0.1418,0.0625,0.277,,3,1,0.3058,male
355117653,13,0.2417,0.2075,0.5299,0,male,低,0.0581,0.588,0.2123,0.1083,,4,0,0.3054,male
1915964334,239,0.3716,0.1071,0.2995,1,male,中,0.3734,0.3451,0.2341,0.5336,,3,1,0.3052,male
731520043,10,0.4093,0.2162,0.574,1,male,中,0.3583,0.195,0.3147,0.7691,,3,1,0.3048,male
2127909363,13,0.268,0.1008,0.2673,1,male,中,0.2336,0.3894,0.1221,0.3267,,3,1,0.3046,male
2752727290,1700,0.2094,0.0774,0.2103,1,male,中,0.2297,0.1734,0.1121,0.3224,male,3,1,0.3046,male
3058166700,1130,0.357,0.3114,0.7667,0,male,低,0.102,0.3474,0.1101,0.8687,male,4,0,0.3044,male
3404054197,3,0.0827,0.0687,0.1674,0,male,低,0.1129,0.0231,0.0136,0.181,,4,0,0.3042,male
1218176906,21,0.0605,0.0432,0.1034,0,male,低,0.0926,0.0274,0.0093,0.1127,,4,0,0.3042,male
2633083674,12646,0.0605,0.0433,0.1017,0,male,低,0.0931,0.0247,0.0113,0.1129,male,4,0,0.3041,male
2530637602,8,0.2193,0.2639,0.6592,0,male,低,0.0645,0.1312,0.0112,0.6704,,4,0,0.304,male
838969717,244,0.0597,0.0434,0.1012,0,male,低,0.0919,0.0227,0.0115,0.1128,,4,0,0.3037,male
2309951996,17,0.3928,0.3465,0.8627,3,male,高,0.0766,0.4438,0.9392,0.1115,,3,1,0.3036,female
2920974992,14,0.2146,0.0602,0.168,1,male,中,0.2314,0.2113,0.1238,0.2918,,3,1,0.3035,male
3137371782,6,0.2092,0.0802,0.2161,1,male,中,0.1908,0.3053,0.0892,0.2514,,3,1,0.3033,male
1132770943,520,0.0588,0.0442,0.1025,0,male,低,0.0907,0.02,0.011,0.1135,,4,0,0.3033,male
2868287400,7,0.1274,0.119,0.3066,0,male,低,0.0597,0.3276,0.021,0.1015,,4,0,0.3032,male
3093900534,61,0.0593,0.0432,0.1017,0,male,低,0.0903,0.023,0.011,0.1127,,4,0,0.3031,male
2761555701,275,0.2949,0.1083,0.3057,1,male,中,0.2822,0.3027,0.1444,0.4501,,3,1,0.3027,male
2838251598,97,0.2797,0.0934,0.26,1,male,中,0.286,0.2511,0.1609,0.4209,,3,1,0.3026,male
359978183,10,0.1019,0.058,0.1628,0,male,低,0.097,0.1793,0.0165,0.1147,,4,0,0.3026,male
3360345621,1144,0.3125,0.0872,0.2465,1,male,中,0.3158,0.307,0.1904,0.4369,male,3,1,0.3025,male
1085084701,1,0.9396,0.0604,0.1471,0,female,低,0.9837,0.8365,0.9568,0.9815,,0,4,0.3025,female
935114161,13,0.0589,0.0429,0.1016,0,male,低,0.0889,0.0231,0.0111,0.1126,,4,0,0.3025,male
577283024,2,0.128,0.1256,0.324,0,male,低,0.0516,0.3371,0.013,0.1104,,4,0,0.3024,male
3615168664,1175,0.4972,0.1782,0.4882,1,male,中,0.4284,0.4879,0.2921,0.7803,male,3,1,0.3022,male
2011471689,43,0.3423,0.0998,0.2752,1,male,中,0.3259,0.3803,0.1939,0.4691,,3,1,0.3021,male
366846723,3,0.0589,0.0424,0.1016,0,male,低,0.0879,0.0247,0.0107,0.1123,,4,0,0.3021,male
3202322974,198,0.9639,0.0349,0.0817,0,female,低,0.982,0.9849,0.9852,0.9035,female,0,4,0.302,female
1989980062,10,0.0584,0.0422,0.1013,0,male,低,0.0865,0.0242,0.0109,0.1122,,4,0,0.3015,male
3152570185,77,0.0572,0.043,0.1015,0,male,低,0.0856,0.0199,0.011,0.1125,,4,0,0.3013,male
1346331874,79,0.3426,0.0816,0.219,1,male,中,0.357,0.2979,0.2483,0.4673,,3,1,0.301,male
1729784739,94,0.3379,0.0878,0.2282,1,male,中,0.3107,0.4357,0.2075,0.3976,,3,1,0.3009,male
3299633484,306,0.0575,0.0406,0.1009,0,male,低,0.0833,0.0286,0.0086,0.1094,male,4,0,0.3009,male
2871749066,71,0.3587,0.1277,0.3366,1,male,中,0.2839,0.538,0.2014,0.4114,,3,1,0.3005,male
2564868713,4745,0.9656,0.0288,0.0701,0,female,低,0.9822,0.9861,0.9783,0.916,female,0,4,0.3005,female
3342399928,43,0.2947,0.0607,0.1707,1,male,中,0.3047,0.2964,0.2035,0.3742,,3,1,0.3004,male
2587025229,505,0.0906,0.0536,0.1486,0,male,低,0.0857,0.1582,0.0096,0.1088,male,4,0,0.3003,male
3474281929,50,0.132,0.1393,0.3515,0,male,低,0.0351,0.3637,0.0122,0.117,,4,0,0.3002,male
3839783038,1,0.0763,0.0386,0.1052,0,male,低,0.0929,0.0776,0.0147,0.1199,,4,0,0.3001,male
2260496798,3,0.0569,0.0421,0.101,0,male,低,0.0826,0.021,0.0115,0.1125,,4,0,0.2999,male
3109853083,3,0.9401,0.057,0.1395,0,female,低,0.9786,0.8427,0.9568,0.9822,,0,4,0.2995,female
1772357652,49,0.1492,0.0688,0.1909,0,male,低,0.1293,0.2453,0.0544,0.1677,,4,0,0.2993,male
121223766,71,0.0573,0.0414,0.1017,0,male,低,0.0813,0.0247,0.0107,0.1124,,4,0,0.2993,male
474790083,9,0.3676,0.2885,0.7084,1,male,中,0.1885,0.2658,0.8622,0.1538,,3,1,0.299,male
3457612243,2524,0.0592,0.0402,0.0939,0,male,低,0.0853,0.0173,0.0229,0.1112,,4,0,0.2988,male
2215395997,239,0.2835,0.1121,0.3148,1,male,中,0.2655,0.2761,0.1387,0.4536,,3,1,0.2987,male
2981609681,92,0.0576,0.0397,0.1005,0,male,低,0.0791,0.03,0.0105,0.111,,4,0,0.2984,male
2743046593,4,0.0685,0.0308,0.0812,0,male,低,0.0875,0.058,0.0237,0.1049,,4,0,0.2984,male
1665977138,26,0.1378,0.0713,0.1884,0,male,低,0.1093,0.2574,0.069,0.1154,,4,0,0.298,male
1078205537,1,0.4896,0.2836,0.6831,2,female,高,0.2945,0.3963,0.2923,0.9753,,2,2,0.2979,male
3889001741,3,0.2763,0.2368,0.6119,0,male,低,0.1096,0.3379,0.0229,0.6348,,4,0,0.2978,male
1690901375,1,0.0561,0.0417,0.102,0,male,低,0.0778,0.0215,0.0115,0.1135,,4,0,0.2977,male
1934965355,17,0.0572,0.035,0.0917,0,male,低,0.0759,0.0385,0.0114,0.1031,,4,0,0.2975,male
3199744085,1,0.4143,0.3737,0.9502,1,female,中,0.1309,0.0312,0.5139,0.9814,,3,1,0.2974,male
2256125929,13,0.43,0.1594,0.4363,1,male,中,0.3741,0.4099,0.2499,0.6862,,3,1,0.2969,male
2121888461,1455,0.1628,0.2241,0.5372,0,male,低,0.0661,0.0236,0.0122,0.5494,male,4,0,0.2965,male
573661912,1,0.0597,0.0374,0.0878,0,male,低,0.0806,0.0249,0.0227,0.1105,,4,0,0.2965,male
2898477135,2,0.5663,0.2458,0.6719,1,male,中,0.5106,0.2047,0.8766,0.6734,,3,1,0.296,male
1344223523,1,0.1168,0.0905,0.2435,0,male,低,0.0692,0.2587,0.0152,0.124,,4,0,0.296,male
1643248271,1,0.2879,0.2324,0.5878,0,male,低,0.056,0.6438,0.3439,0.1077,,4,0,0.2959,male
1770628184,1,0.1107,0.0944,0.2503,0,male,低,0.058,0.2635,0.0132,0.1083,,4,0,0.2958,male
3384346427,173,0.1147,0.0346,0.0954,0,male,低,0.1274,0.1066,0.0647,0.16,,4,0,0.2957,male
1557952100,12,0.1073,0.103,0.268,0,male,低,0.0448,0.277,0.009,0.0982,,4,0,0.2956,male
963653008,1931,0.07,0.0405,0.1135,0,male,低,0.0796,0.0675,0.0097,0.1232,male,4,0,0.2956,male
2246559898,3,0.1216,0.1176,0.2946,0,male,低,0.0418,0.3194,0.0248,0.1004,,4,0,0.2952,male
1306733102,193,0.2108,0.0736,0.2067,1,male,中,0.2104,0.1969,0.1146,0.3213,,3,1,0.2951,male
2218332879,63,0.0828,0.0351,0.0952,0,male,低,0.0884,0.0962,0.0257,0.1209,,4,0,0.295,male
3806546559,69,0.1566,0.064,0.1739,0,male,低,0.1333,0.242,0.0681,0.1831,,4,0,0.2944,male
292623113,3,0.0894,0.0261,0.059,0,male,低,0.1066,0.0639,0.064,0.123,,4,0,0.2944,male
3383510892,33,0.1428,0.0456,0.1239,0,male,低,0.1535,0.121,0.0864,0.2103,,4,0,0.294,male
1963142069,14,0.2464,0.0732,0.2026,1,male,中,0.2473,0.2212,0.1572,0.3599,,3,1,0.2939,male
1429815430,1,0.0774,0.0352,0.0899,0,male,低,0.0755,0.1106,0.0207,0.1027,,4,0,0.2936,male
2751916390,1,0.1095,0.1087,0.2733,0,male,低,0.105,0.0298,0.0149,0.2883,,4,0,0.2934,male
996142639,64,0.3135,0.1367,0.3698,1,male,中,0.2521,0.3638,0.1341,0.5039,,3,1,0.2931,male
1109865307,140,0.3272,0.1068,0.2945,1,male,中,0.2925,0.3596,0.181,0.4755,,3,1,0.2931,male
1119231435,6,0.9703,0.013,0.0283,0,female,低,0.9844,0.9561,0.9588,0.9821,,0,4,0.2931,female
2039953725,322,0.3232,0.0804,0.2263,1,male,中,0.3095,0.3321,0.2124,0.4387,,3,1,0.2928,male
2141774742,1,0.1112,0.1066,0.2752,0,male,低,0.1034,0.0432,0.0115,0.2867,,4,0,0.2926,male
3585064027,182,0.1021,0.0846,0.2246,0,male,低,0.0538,0.2376,0.013,0.1042,,4,0,0.2926,male
2740088195,29,0.0546,0.0379,0.0943,0,male,低,0.0675,0.0236,0.0166,0.1109,,4,0,0.2924,male
741391575,4,0.0881,0.0567,0.1539,0,male,低,0.0664,0.164,0.0102,0.1116,,4,0,0.2923,male
1419045586,3,0.054,0.0345,0.0942,0,male,低,0.063,0.0391,0.0098,0.1041,,4,0,0.2923,male
320840096,15,0.0642,0.036,0.1012,0,male,低,0.0673,0.0688,0.0097,0.1109,,4,0,0.2922,male
2832738334,38,0.9726,0.0087,0.0211,0,female,低,0.9841,0.9629,0.9653,0.9779,,0,4,0.2921,female
3613984924,60,0.9673,0.0147,0.0347,0,female,低,0.9808,0.9472,0.9591,0.9819,,0,4,0.292,female
461852726,30,0.1137,0.0915,0.2396,0,male,低,0.0569,0.2618,0.0223,0.1137,,4,0,0.2917,male
1592012873,15,0.1189,0.0656,0.1696,0,male,低,0.1251,0.0738,0.0535,0.2231,,4,0,0.2917,male
2126182939,1,0.1155,0.0931,0.2461,0,male,低,0.0582,0.2593,0.0132,0.1313,,4,0,0.2914,male
614899551,64,0.2271,0.2592,0.6301,0,male,低,0.0845,0.0443,0.1051,0.6744,,4,0,0.2913,male
2016973143,2,0.0954,0.0626,0.1699,0,male,低,0.0662,0.1859,0.0161,0.1134,,4,0,0.2913,male
2789792430,78,0.1528,0.1913,0.4688,0,male,低,0.0809,0.0362,0.0126,0.4815,,4,0,0.2912,male
3556307996,8,0.2603,0.134,0.3611,1,male,中,0.223,0.2161,0.1204,0.4815,,3,1,0.2909,male
1814967597,1,0.113,0.1066,0.2721,0,male,低,0.039,0.2876,0.0156,0.1097,,4,0,0.2909,male
2287914362,15,0.4203,0.3524,0.8943,1,female,中,0.1558,0.086,0.4591,0.9803,,3,1,0.2908,male
3561038562,13,0.0633,0.0338,0.0924,0,male,低,0.0619,0.0778,0.0106,0.1029,,4,0,0.2908,male
1300244579,1,0.0786,0.0363,0.0944,0,male,低,0.0701,0.1179,0.0234,0.1032,,4,0,0.2907,male
2093211983,6171,0.0482,0.039,0.0985,0,male,低,0.0573,0.018,0.0095,0.1081,male,4,0,0.2905,male
2217751975,696,0.109,0.0937,0.2428,0,male,低,0.0477,0.261,0.0183,0.109,,4,0,0.2903,male
3236380896,976,0.0514,0.0391,0.1018,0,male,低,0.0589,0.025,0.0099,0.1117,,4,0,0.2902,male
768859825,10,0.1343,0.1037,0.2637,0,male,低,0.0621,0.3048,0.0411,0.1293,,4,0,0.2901,male
1061314353,2,0.1587,0.2017,0.4962,0,male,低,0.0713,0.0478,0.0097,0.506,,4,0,0.29,male
2141537659,6,0.1783,0.0867,0.2183,0,male,低,0.1326,0.2785,0.0603,0.2417,,4,0,0.2899,male
1504831653,71,0.0842,0.0525,0.139,0,male,低,0.0627,0.1496,0.0106,0.1136,,4,0,0.2899,male
1373718790,22,0.3144,0.1598,0.3634,1,male,中,0.2006,0.4644,0.1146,0.478,,3,1,0.2896,male
2680590729,20,0.3565,0.2702,0.6751,1,male,中,0.0559,0.731,0.4909,0.1484,,3,1,0.2893,male
1716842937,151,0.148,0.2125,0.5046,0,male,低,0.0528,0.0138,0.0103,0.5149,male,4,0,0.2893,male
1683253039,320,0.983,0.0057,0.0154,0,female,低,0.9851,0.991,0.9803,0.9756,female,0,4,0.2891,female
550923929,22,0.0556,0.0361,0.0967,0,male,低,0.0599,0.0353,0.0153,0.1119,,4,0,0.2889,male
3529257351,3,0.2026,0.2196,0.5326,0,male,低,0.0925,0.0868,0.0492,0.5818,,4,0,0.2888,male
2956792638,665,0.9845,0.0029,0.0064,0,female,低,0.9872,0.9877,0.9812,0.9819,female,0,4,0.2887,female
276185909,6,0.1495,0.1217,0.2986,0,male,低,0.0545,0.3515,0.0529,0.139,,4,0,0.2886,male
3340660674,2,0.1036,0.0552,0.1431,0,male,低,0.0786,0.1699,0.0268,0.1391,,4,0,0.2885,male
3222180836,1,0.0457,0.0378,0.0966,0,male,低,0.051,0.0178,0.0086,0.1052,,4,0,0.2885,male
1578765993,1,0.077,0.0299,0.0815,0,male,低,0.088,0.0368,0.0651,0.1183,,4,0,0.2885,male
2948409843,2,0.1509,0.0556,0.1379,0,male,低,0.119,0.2464,0.1085,0.1298,,4,0,0.2884,male
3140045413,4,0.1025,0.0657,0.1735,0,male,低,0.0634,0.2077,0.0341,0.1049,,4,0,0.2882,male
1443639178,10,0.0644,0.0505,0.1322,0,male,低,0.0665,0.0325,0.0132,0.1454,,4,0,0.2881,male
3441452166,1785,0.0503,0.0395,0.1043,0,male,低,0.0535,0.0266,0.0085,0.1128,male,4,0,0.2881,male
727590975,29,0.1624,0.1935,0.4703,0,male,低,0.0824,0.0464,0.0253,0.4957,,4,0,0.2878,male
291644744,26,0.0798,0.0493,0.127,0,male,低,0.0578,0.1377,0.0107,0.113,,4,0,0.2878,male
258273408,87,0.0457,0.0375,0.0942,0,male,低,0.0501,0.0165,0.011,0.1052,,4,0,0.2876,male
3132722816,318,0.1726,0.078,0.1981,0,male,低,0.1206,0.3027,0.1046,0.1624,,4,0,0.2874,male
1872211308,2,0.0728,0.0425,0.103,0,male,低,0.0568,0.1134,0.0104,0.1107,,4,0,0.2874,male
2392304699,701,0.0476,0.0401,0.1009,0,male,低,0.0515,0.0166,0.0108,0.1117,male,4,0,0.2874,male
3541215132,360,0.9832,0.0031,0.0086,0,female,低,0.9835,0.9878,0.9792,0.9824,female,0,4,0.2874,female
2712253484,2,0.2738,0.2595,0.6465,0,male,低,0.0651,0.3049,0.0393,0.6858,,4,0,0.2873,male
1121620349,2,0.0974,0.0799,0.2093,0,male,低,0.0454,0.2215,0.0122,0.1105,,4,0,0.2873,male
2990886725,6,0.0861,0.0585,0.1546,0,male,低,0.0547,0.1654,0.0108,0.1134,,4,0,0.2873,male
264128713,47,0.1071,0.0992,0.2521,0,male,低,0.0352,0.2677,0.0156,0.1098,,4,0,0.2872,male
3507606624,203,0.0716,0.0412,0.1004,0,male,低,0.0556,0.1117,0.0114,0.1077,,4,0,0.2872,male
994731751,217,0.0849,0.0456,0.126,0,male,低,0.0822,0.07,0.0308,0.1568,,4,0,0.287,male
2721649744,15,0.5292,0.1701,0.4612,1,male,中,0.5214,0.2619,0.7231,0.6105,,3,1,0.2869,male
1965417382,1113,0.151,0.0734,0.1874,0,male,低,0.1094,0.2419,0.0545,0.1981,,4,0,0.2868,male
1703380767,1109,0.8368,0.0375,0.1027,3,female,高,0.8276,0.8524,0.7823,0.885,female,1,3,0.2868,male
3820731905,191,0.0674,0.0373,0.0923,0,male,低,0.0522,0.1057,0.0135,0.0983,,4,0,0.2867,male
3418785446,10,0.0647,0.0361,0.0968,0,male,低,0.0546,0.0845,0.0115,0.1083,,4,0,0.2867,male
873848505,2,0.0848,0.0516,0.1355,0,male,低,0.0576,0.1525,0.017,0.112,,4,0,0.2866,male
615689149,1,0.0556,0.0351,0.0982,0,male,低,0.0528,0.0482,0.0115,0.1098,,4,0,0.2866,male
2630828862,4,0.0789,0.0482,0.1273,0,male,低,0.0536,0.1435,0.0162,0.1024,,4,0,0.2865,male
2772883784,64,0.2098,0.1878,0.4972,0,male,低,0.1011,0.2119,0.0144,0.5117,,4,0,0.2864,male
3537261081,4,0.5216,0.049,0.1296,1,male,中,0.4952,0.5884,0.4587,0.544,,3,1,0.2864,male
109143408,20,0.0544,0.0317,0.0892,0,male,低,0.0489,0.0586,0.0105,0.0997,,4,0,0.2863,male
2607822643,1,0.0538,0.0302,0.0837,0,male,低,0.0519,0.045,0.0173,0.1011,,4,0,0.2862,male
1535752674,86,0.2946,0.1123,0.2712,1,male,中,0.2198,0.423,0.1518,0.3839,,3,1,0.2861,male
3358351641,4,0.0898,0.0526,0.1296,0,male,低,0.0675,0.1339,0.0142,0.1438,,4,0,0.2861,male
2604093609,4028,0.0632,0.0377,0.1028,0,male,低,0.0526,0.0794,0.009,0.1118,male,4,0,0.2861,male
1328642501,51,0.0544,0.0355,0.0968,0,male,低,0.0528,0.0393,0.0143,0.1111,,4,0,0.2861,male
1153685627,124,0.1099,0.0763,0.1995,0,male,低,0.0592,0.2263,0.0268,0.1271,,4,0,0.2859,male
1349104839,6,0.0827,0.0563,0.148,0,male,低,0.0491,0.1615,0.0136,0.1065,,4,0,0.2854,male
2657610294,2,0.0477,0.0385,0.0972,0,male,低,0.0479,0.0192,0.0133,0.1105,,4,0,0.2853,male
2961131384,3,0.2615,0.2412,0.5417,0,male,低,0.0354,0.4458,0.0116,0.5534,,4,0,0.2852,male
3115342293,3,0.7813,0.1716,0.4471,1,female,中,0.7683,0.508,0.894,0.955,,1,3,0.2851,female
2429967889,4382,0.98,0.0034,0.0093,0,female,低,0.9785,0.9759,0.9852,0.9803,female,0,4,0.2849,female
2214287461,1,0.0808,0.0395,0.094,0,male,低,0.0619,0.119,0.025,0.1172,,4,0,0.2848,male
2059028439,3,0.1482,0.1908,0.4599,0,male,低,0.0664,0.032,0.0173,0.4772,,4,0,0.2847,male
3343564058,4409,0.0596,0.0367,0.1029,0,male,低,0.0509,0.0612,0.0116,0.1146,male,4,0,0.2847,male
2028798450,41,0.0726,0.0625,0.159,0,male,低,0.0676,0.0298,0.0169,0.176,,4,0,0.2846,male
2427339520,9,0.1471,0.2132,0.5023,0,male,低,0.0422,0.0167,0.0137,0.516,,4,0,0.2845,male
2865728637,542,0.046,0.039,0.1012,0,male,低,0.0437,0.0215,0.0088,0.11,,4,0,0.2845,male
1813021745,62,0.1446,0.2188,0.514,0,male,低,0.0329,0.0129,0.0093,0.5232,male,4,0,0.2844,male
2012924401,9,0.0789,0.0582,0.1522,0,male,低,0.0418,0.1632,0.0109,0.0998,,4,0,0.2844,male
1459349874,40,0.0823,0.0468,0.1122,0,male,低,0.0597,0.1243,0.0166,0.1287,,4,0,0.2844,male
2446368569,9,0.0543,0.04,0.1078,0,male,低,0.0496,0.0365,0.0116,0.1194,,4,0,0.2844,male
2048295328,207,0.2378,0.1147,0.3143,1,male,中,0.1889,0.2496,0.0992,0.4135,,3,1,0.2843,male
894841302,165,0.0964,0.0513,0.1286,0,male,低,0.0675,0.1565,0.0279,0.1336,,4,0,0.2843,male
1255353837,17,0.0707,0.0401,0.0946,0,male,低,0.0508,0.1082,0.0146,0.1092,,4,0,0.2842,male
2497910862,1981,0.0475,0.0383,0.1011,0,male,低,0.0438,0.0266,0.0093,0.1104,male,4,0,0.2842,male
3464447910,1,0.077,0.044,0.119,0,male,低,0.0606,0.0966,0.0159,0.1349,,4,0,0.2841,male
2785696076,8,0.186,0.0656,0.1606,0,male,低,0.1525,0.2406,0.0952,0.2558,,4,0,0.284,male
2375270869,184,0.1837,0.0669,0.1828,0,male,低,0.1578,0.2064,0.0938,0.2766,,4,0,0.2839,male
2454609295,36,0.0736,0.0488,0.123,0,male,低,0.0452,0.1324,0.0094,0.1072,,4,0,0.2839,male
1215416281,1,0.0472,0.0393,0.0998,0,male,低,0.0439,0.0204,0.0123,0.1122,,4,0,0.2836,male
2149615065,37,0.0719,0.0357,0.0926,0,male,低,0.056,0.095,0.022,0.1145,,4,0,0.2836,male
1803703473,1811,0.0535,0.0344,0.0959,0,male,低,0.0443,0.0531,0.0105,0.1063,male,4,0,0.2836,male
1776413719,1,0.0582,0.0367,0.102,0,male,低,0.0467,0.0632,0.0105,0.1125,,4,0,0.2835,male
3090048076,7,0.0757,0.0456,0.1071,0,male,低,0.0512,0.1202,0.013,0.1184,,4,0,0.2834,male
2960545085,22,0.0513,0.0357,0.0943,0,male,低,0.0461,0.0327,0.0161,0.1104,,4,0,0.2832,male
3687436863,244,0.522,0.1887,0.4461,2,male,高,0.3489,0.78,0.625,0.334,,2,2,0.2831,male
2071284680,14,0.1153,0.1319,0.3258,0,male,低,0.0792,0.028,0.0141,0.3398,,4,0,0.2831,male
3474710392,458,0.0453,0.0392,0.1015,0,male,低,0.0405,0.0213,0.009,0.1104,male,4,0,0.2831,male
484417593,6,0.622,0.2163,0.5528,2,female,高,0.4819,0.595,0.4292,0.982,,2,2,0.2828,male
1455830769,308,0.0795,0.0457,0.1241,0,male,低,0.0701,0.0639,0.03,0.1541,,4,0,0.2828,male
2873972044,2,0.0488,0.0429,0.1093,0,male,低,0.0436,0.0204,0.0109,0.1202,,4,0,0.2828,male
892142294,2,0.0637,0.0393,0.1029,0,male,低,0.0453,0.0869,0.0099,0.1128,,4,0,0.2826,male
1052118227,83,0.2255,0.1868,0.471,0,male,低,0.0876,0.318,0.0127,0.4836,,4,0,0.2825,male
2372627875,1,0.111,0.084,0.213,0,male,低,0.0512,0.2258,0.0128,0.1541,,4,0,0.2825,male
2926987882,2,0.1233,0.1077,0.2694,0,male,低,0.0365,0.2901,0.0208,0.1456,,4,0,0.2824,male
2303813154,10,0.1274,0.0904,0.2484,0,male,低,0.09,0.1416,0.0149,0.2633,,4,0,0.2824,male
2955708050,1,0.0513,0.0368,0.0963,0,male,低,0.0448,0.0315,0.0163,0.1126,,4,0,0.2824,male
3139540635,11,0.0728,0.0425,0.0986,0,male,低,0.0484,0.1132,0.0154,0.1141,,4,0,0.2823,male
1026761217,126,0.0592,0.0358,0.0942,0,male,低,0.042,0.0787,0.011,0.1052,,4,0,0.2822,male
1713122524,4,0.0528,0.0369,0.0998,0,male,低,0.0438,0.0406,0.0136,0.1134,,4,0,0.2821,male
3163809992,2,0.0733,0.0492,0.1203,0,male,低,0.0424,0.1298,0.0096,0.1115,,4,0,0.282,male
1413901632,7,0.0543,0.034,0.0931,0,male,低,0.0401,0.0625,0.0108,0.1039,,4,0,0.2819,male
844793387,974,0.0413,0.0359,0.0921,0,male,低,0.0344,0.02,0.0093,0.1014,male,4,0,0.2818,male
1420074421,64,0.0703,0.0329,0.0905,0,male,低,0.0576,0.0731,0.03,0.1206,,4,0,0.2818,male
1986993074,92,0.0658,0.0417,0.0967,0,male,低,0.0408,0.1053,0.0103,0.1069,male,4,0,0.2816,male
2352245213,5,0.1662,0.1974,0.4893,0,male,低,0.0634,0.0791,0.0165,0.5058,,4,0,0.2815,male
2992026817,1862,0.0454,0.0399,0.1018,0,male,低,0.0381,0.0207,0.0105,0.1124,male,4,0,0.2815,male
1297578920,92,0.2976,0.1038,0.2558,1,male,中,0.2336,0.3761,0.1625,0.4183,,3,1,0.2814,male
3092786685,37,0.044,0.0398,0.1013,0,male,低,0.0366,0.0188,0.0096,0.1109,,4,0,0.2814,male
2268439176,4,0.0588,0.0321,0.086,0,male,低,0.0494,0.0477,0.026,0.112,,4,0,0.2814,male
1710542247,442,0.0821,0.0494,0.1264,0,male,低,0.056,0.115,0.0155,0.142,,4,0,0.2813,male
972242500,770,0.0464,0.0393,0.1012,0,male,低,0.0384,0.0236,0.0112,0.1124,male,4,0,0.2813,male
1306507065,169,0.0708,0.0507,0.1266,0,male,低,0.0357,0.1356,0.009,0.1031,,4,0,0.281,male
2396044690,98,0.0898,0.079,0.2103,0,male,低,0.0682,0.0586,0.011,0.2213,,4,0,0.2808,male
3667474034,346,0.0858,0.0536,0.1311,0,male,低,0.0493,0.1497,0.0186,0.1256,,4,0,0.2807,male
1715277890,4,0.0651,0.0435,0.1016,0,male,低,0.0366,0.1106,0.009,0.1044,,4,0,0.2807,male
1490494694,6160,0.0456,0.0396,0.098,0,male,低,0.0379,0.0176,0.0145,0.1124,male,4,0,0.2807,male
3149791151,14,0.5655,0.2662,0.721,2,female,高,0.4332,0.2527,0.6023,0.9738,,2,2,0.2806,male
2967515079,1,0.0563,0.0367,0.0994,0,male,低,0.0386,0.0672,0.01,0.1095,,4,0,0.2806,male
3630670898,2,0.0756,0.0835,0.2072,0,male,低,0.0587,0.0179,0.0093,0.2165,,4,0,0.2805,male
3142038499,30,0.0512,0.0368,0.099,0,male,低,0.039,0.041,0.0128,0.1118,,4,0,0.2805,male
2898002012,16,0.6965,0.1226,0.3043,2,female,高,0.6605,0.6186,0.6013,0.9055,,2,2,0.2804,male
2546587356,4,0.2118,0.0836,0.2187,0,male,低,0.1666,0.2569,0.1026,0.3213,,4,0,0.2804,male
1431682928,2,0.0736,0.0467,0.1111,0,male,低,0.0421,0.1256,0.0145,0.1125,,4,0,0.2804,male
761792150,32,0.0538,0.0373,0.1021,0,male,低,0.0386,0.0538,0.0104,0.1125,,4,0,0.2804,male
1521768316,1512,0.0474,0.035,0.0934,0,male,低,0.0358,0.0358,0.0122,0.1056,male,4,0,0.2804,male
1455407613,1,0.0548,0.048,0.1252,0,male,低,0.043,0.0306,0.0101,0.1353,,4,0,0.2803,male
3494489531,1569,0.045,0.0397,0.1012,0,male,低,0.0354,0.0214,0.0109,0.1121,male,4,0,0.2803,male
516370164,70,0.1344,0.1751,0.4169,0,male,低,0.0618,0.0193,0.0203,0.4362,,4,0,0.2801,male
2632319788,29,0.0473,0.0403,0.1036,0,male,低,0.0367,0.0252,0.0119,0.1155,,4,0,0.28,male
3204748035,473,0.0491,0.04,0.1074,0,male,低,0.0357,0.0372,0.008,0.1154,male,4,0,0.28,male
3410183925,1,0.0545,0.038,0.1028,0,male,低,0.0403,0.0466,0.0141,0.1169,,4,0,0.2799,male
1502644079,214,0.1306,0.0979,0.2368,0,male,低,0.0571,0.2507,0.014,0.2005,,4,0,0.2798,male
3510954117,109,0.0866,0.0579,0.1494,0,male,低,0.0545,0.1213,0.0107,0.1601,,4,0,0.2797,male
3343831509,13,0.0573,0.0385,0.1051,0,male,低,0.04,0.0598,0.0122,0.1173,,4,0,0.2797,male
359576824,1,0.0855,0.0895,0.2239,0,male,低,0.064,0.0274,0.0134,0.2373,,4,0,0.2796,male
2961151375,328,0.0584,0.0359,0.094,0,male,低,0.0376,0.0759,0.0131,0.1071,,4,0,0.2796,male
1115092215,903,0.0489,0.0379,0.1013,0,male,低,0.035,0.0383,0.0106,0.1119,male,4,0,0.2795,male
2690901742,256,0.0533,0.0329,0.0888,0,male,低,0.0366,0.0569,0.0154,0.1042,,4,0,0.2795,male
3857664008,1,0.1033,0.0302,0.0719,0,male,低,0.078,0.1416,0.0697,0.1239,,4,0,0.2794,male
1915374928,1,0.0497,0.0491,0.1208,0,male,低,0.0389,0.0152,0.012,0.1329,,4,0,0.2793,male
1654115451,674,0.0459,0.0393,0.1001,0,male,低,0.0341,0.0242,0.0125,0.1126,male,4,0,0.2792,male
3129570076,1,0.0787,0.0596,0.1631,0,male,低,0.054,0.0799,0.0088,0.1719,,4,0,0.2791,male
3544142951,378,0.051,0.0501,0.1263,0,male,低,0.0387,0.0198,0.0097,0.136,male,4,0,0.2791,male
1359316569,72,0.053,0.0512,0.1294,0,male,低,0.0394,0.0221,0.0105,0.1399,,4,0,0.2787,male
1753188786,5,0.0705,0.0327,0.0899,0,male,低,0.068,0.0203,0.0833,0.1102,,4,0,0.2787,male
3984054196,1,0.079,0.0269,0.071,0,male,低,0.063,0.0796,0.0512,0.1223,,4,0,0.2786,male
1206156741,574,0.8854,0.0442,0.1186,3,female,高,0.8617,0.8985,0.8315,0.9501,female,1,3,0.2785,male
194217991,3,0.0718,0.0409,0.1056,0,male,低,0.0466,0.094,0.0204,0.126,,4,0,0.2785,male
375569635,8094,0.0489,0.0382,0.1007,0,male,低,0.0338,0.0365,0.0123,0.113,male,4,0,0.2785,male
870208348,1,0.0511,0.0518,0.129,0,male,低,0.037,0.0179,0.0102,0.1392,,4,0,0.2781,male
1569859203,2,0.2391,0.2222,0.5587,0,male,低,0.063,0.2873,0.0238,0.5824,,4,0,0.2778,male
2720682032,19,0.0979,0.0664,0.1518,0,male,低,0.0503,0.1669,0.015,0.1592,,4,0,0.2777,male
1810803635,29,0.2654,0.3017,0.7418,0,male,低,0.0375,0.0621,0.1826,0.7793,,4,0,0.2776,male
3512990030,25,0.0667,0.0322,0.0826,0,male,低,0.0443,0.0811,0.0294,0.112,,4,0,0.2776,male
1758377193,3,0.0497,0.0426,0.1117,0,male,低,0.0312,0.0365,0.0098,0.1214,,4,0,0.2769,male
569064044,3,0.0699,0.0474,0.1078,0,male,低,0.0346,0.1132,0.0121,0.1199,,4,0,0.2767,male
3373877108,5,0.1649,0.1767,0.4509,0,male,低,0.067,0.114,0.0137,0.4647,,4,0,0.2765,male
3506136039,789,0.0736,0.0786,0.1981,0,male,低,0.0495,0.0281,0.0094,0.2075,male,4,0,0.2765,male
2132820072,4,0.0865,0.0809,0.2115,0,male,低,0.0574,0.0537,0.0116,0.2232,,4,0,0.2764,male
1399716483,1979,0.2203,0.1956,0.485,0,male,低,0.0626,0.3123,0.0106,0.4956,male,4,0,0.2763,male
2763054170,5,0.067,0.0606,0.1508,0,male,低,0.0471,0.0303,0.0198,0.1706,,4,0,0.2758,male
3102598541,31,0.0573,0.0442,0.1166,0,male,低,0.0351,0.0495,0.014,0.1306,,4,0,0.2758,male
3522791482,2,0.0813,0.0489,0.119,0,male,低,0.0637,0.05,0.0462,0.1652,,4,0,0.2756,male
2221632836,1,0.0528,0.0395,0.0976,0,male,低,0.0348,0.032,0.0233,0.1208,,4,0,0.2755,male
1533543086,5010,0.078,0.0917,0.2222,0,male,低,0.0503,0.0146,0.0125,0.2347,male,4,0,0.2754,male
2700418201,1,0.1225,0.1396,0.3503,0,male,低,0.0624,0.0538,0.0118,0.3621,,4,0,0.2752,male
2963608471,17,0.1381,0.0911,0.2377,0,male,低,0.0544,0.2921,0.1016,0.1041,,4,0,0.2752,male
1517808818,2,0.2948,0.264,0.6423,0,male,低,0.1032,0.233,0.7426,0.1003,,4,0,0.2751,male
1310430687,3,0.2317,0.0461,0.1199,1,male,中,0.2203,0.1893,0.3091,0.208,,3,1,0.2751,male
361906568,1,0.1246,0.1031,0.244,0,male,低,0.0375,0.2546,0.0106,0.1955,,4,0,0.2748,male
3021795514,157,0.0969,0.0744,0.1987,0,male,低,0.0547,0.1142,0.0101,0.2087,,4,0,0.2747,male
3273348715,22,0.0676,0.0493,0.1282,0,male,低,0.0349,0.0854,0.0109,0.1391,,4,0,0.2746,male
58098780,5,0.2408,0.2683,0.6532,0,male,低,0.076,0.0492,0.7024,0.1357,,4,0,0.2745,male
1030352690,3,0.5075,0.3555,0.9094,2,female,高,0.0612,0.7131,0.2851,0.9707,,2,2,0.2742,male
1249120038,2,0.5799,0.2856,0.6929,3,female,高,0.2756,0.7368,0.339,0.9684,,1,3,0.2741,male
780513678,10,0.0593,0.0324,0.0798,0,male,低,0.0318,0.0711,0.0273,0.1071,,4,0,0.2739,male
2603237129,179,0.4613,0.3775,0.9079,1,female,中,0.1396,0.0571,0.6836,0.965,,3,1,0.2738,male
2685208252,9,0.2088,0.211,0.533,0,male,低,0.0491,0.2257,0.0137,0.5467,,4,0,0.2738,male
551703226,6,0.1002,0.0766,0.201,0,male,低,0.0518,0.1264,0.0109,0.2119,,4,0,0.2729,male
2557651656,7,0.4602,0.3856,0.9178,1,female,中,0.1165,0.064,0.6787,0.9818,,3,1,0.2727,male
3375089145,19,0.1465,0.1584,0.3963,0,male,低,0.0634,0.0823,0.022,0.4182,,4,0,0.272,male
2191773974,5,0.1418,0.1787,0.4189,0,male,低,0.0505,0.0336,0.0321,0.451,,4,0,0.2718,male
1641691929,3,0.1164,0.1422,0.3507,0,male,低,0.0499,0.0436,0.0107,0.3614,,4,0,0.2718,male
3506751736,5,0.2125,0.1076,0.2823,0,male,低,0.1433,0.2428,0.0907,0.373,,4,0,0.2715,male
2971152503,1,0.2107,0.1837,0.4252,0,male,低,0.0481,0.3435,0.013,0.4383,,4,0,0.2713,male
2864743001,2,0.0731,0.0697,0.1776,0,male,低,0.0398,0.046,0.0144,0.192,,4,0,0.2713,male
3176908892,10,0.1001,0.1054,0.2541,0,male,低,0.0585,0.0331,0.0274,0.2815,,4,0,0.2711,male
1633349544,6,0.0733,0.0848,0.2085,0,male,低,0.0384,0.0249,0.0107,0.2192,,4,0,0.2711,male
2896319700,43,0.0717,0.0792,0.189,0,male,低,0.0404,0.0192,0.019,0.208,,4,0,0.2709,male
3175513496,146,0.1034,0.0441,0.1171,0,male,低,0.0539,0.171,0.0771,0.1114,,4,0,0.2707,male
565091745,6,0.1536,0.1746,0.4376,0,male,低,0.0496,0.0995,0.0139,0.4514,,4,0,0.2706,male
3428127879,3,0.1173,0.1307,0.3312,0,male,低,0.0523,0.0668,0.0095,0.3407,,4,0,0.2706,male
3887840391,44,0.2797,0.2503,0.5927,0,male,低,0.1202,0.1445,0.7128,0.1412,,4,0,0.2705,male
1142604266,1166,0.0892,0.0465,0.1168,0,male,低,0.0388,0.1556,0.053,0.1094,,4,0,0.2705,male
55766131,28,0.0805,0.0196,0.0515,0,male,低,0.0567,0.0688,0.0884,0.1083,,4,0,0.2704,male
1460302324,686,0.0821,0.1056,0.2522,0,male,低,0.0398,0.0128,0.0119,0.2641,male,4,0,0.2703,male
370440143,51,0.6263,0.1004,0.2695,1,male,中,0.612,0.4713,0.6809,0.7408,,3,1,0.2697,male
2711278704,4,0.1485,0.1167,0.3042,0,male,低,0.0701,0.1751,0.0222,0.3264,,4,0,0.2689,male
1075942968,146,0.0915,0.1166,0.2797,0,male,低,0.0402,0.0201,0.0131,0.2928,,4,0,0.2689,male
2446557267,7,0.0888,0.044,0.1172,0,male,低,0.0663,0.0433,0.085,0.1605,,4,0,0.2687,male
2454494994,4,0.106,0.0653,0.1506,0,male,低,0.0494,0.1558,0.0341,0.1847,,4,0,0.2683,male
3822544339,3,0.0823,0.0666,0.1684,0,male,低,0.0313,0.1079,0.0108,0.1792,,4,0,0.2682,male
1950459258,63,0.1623,0.1405,0.3505,0,male,低,0.0872,0.1056,0.053,0.4036,,4,0,0.2681,male
2751416986,2,0.0934,0.0352,0.0907,0,male,低,0.0734,0.0477,0.1385,0.1141,,4,0,0.268,male
1767160766,3,0.0894,0.1111,0.2712,0,male,低,0.0371,0.0295,0.01,0.2812,,4,0,0.2679,male
1021336121,3,0.087,0.104,0.2558,0,male,低,0.0366,0.0348,0.0103,0.2661,,4,0,0.2675,male
519859947,6,0.1093,0.1025,0.2665,0,male,低,0.0485,0.0972,0.0125,0.2791,,4,0,0.2673,male
1621199290,50,0.5859,0.313,0.762,2,female,高,0.3827,0.1846,0.8297,0.9466,,2,2,0.2672,male
1192369142,1,0.0901,0.0224,0.0532,0,male,低,0.0626,0.0739,0.1158,0.108,,4,0,0.2672,male
3206750249,1,0.0656,0.0282,0.075,0,male,低,0.0361,0.0501,0.065,0.1111,,4,0,0.267,male
1921151252,1037,0.2502,0.0294,0.0648,1,male,中,0.2259,0.216,0.2779,0.2808,,3,1,0.2669,male
3365845834,1,0.4204,0.3675,0.8943,1,female,中,0.0843,0.096,0.5226,0.9785,,3,1,0.2664,male
1295201561,164,0.2953,0.1119,0.2791,1,male,中,0.247,0.2383,0.4875,0.2084,,3,1,0.2662,male
1663613847,3,0.0821,0.1066,0.2574,0,male,低,0.0292,0.0238,0.0089,0.2663,,4,0,0.2659,male
1208417760,6,0.1031,0.0965,0.2495,0,male,低,0.0399,0.102,0.0106,0.2601,,4,0,0.2653,male
2032224637,177,0.1172,0.0942,0.2388,0,male,低,0.0457,0.1512,0.0166,0.2554,,4,0,0.2652,male
827218279,14,0.1448,0.0687,0.1725,0,male,低,0.1144,0.0902,0.2626,0.112,,4,0,0.265,male
1535612102,1,0.0889,0.0592,0.1445,0,male,低,0.0372,0.1084,0.0327,0.1772,,4,0,0.2647,male
1743790449,2,0.1548,0.1548,0.3936,0,male,低,0.041,0.1646,0.0099,0.4035,,4,0,0.2629,male
2912029529,3,0.1227,0.1351,0.327,0,male,低,0.0458,0.0601,0.0289,0.3559,,4,0,0.2629,male
196894397,2,0.1591,0.087,0.238,0,male,低,0.0621,0.3002,0.1378,0.1361,,4,0,0.2629,male
2790228256,291,0.1059,0.0265,0.0655,0,male,低,0.0603,0.1258,0.1188,0.1186,,4,0,0.2621,male
2017096956,11,0.14,0.1164,0.2885,0,male,低,0.0439,0.1861,0.0207,0.3092,,4,0,0.2604,male
3586675483,28,0.1961,0.0544,0.1215,0,male,低,0.1312,0.2469,0.1534,0.2528,,4,0,0.2601,male
2309689596,127,0.2242,0.197,0.483,0,male,低,0.0564,0.2541,0.0517,0.5347,,4,0,0.2596,male
2848452227,75,0.5387,0.2587,0.647,1,male,中,0.3963,0.1904,0.7309,0.8373,,3,1,0.258,male
2974912735,13,0.4384,0.3769,0.8703,1,female,中,0.0895,0.0522,0.6895,0.9225,,3,1,0.2579,male
1813203341,3,0.7337,0.2199,0.5447,1,female,中,0.6351,0.4212,0.9128,0.9658,,1,3,0.2578,female
1980674366,10,0.1202,0.0502,0.1266,0,male,低,0.0769,0.0852,0.2035,0.1151,,4,0,0.2563,male
2708557384,8,0.2299,0.2261,0.5465,0,male,低,0.0704,0.0744,0.1579,0.6169,,4,0,0.2548,male
486876012,27,0.0955,0.0605,0.157,0,male,低,0.0536,0.0316,0.1886,0.1081,,4,0,0.2542,male
3843991698,1,0.5972,0.3647,0.7887,1,female,中,0.2761,0.1919,0.9402,0.9806,,1,3,0.2537,female
1466659326,1,0.1482,0.0871,0.2012,0,male,低,0.0562,0.2095,0.0696,0.2574,,4,0,0.2534,male
3086619470,14,0.0997,0.0667,0.1745,0,male,低,0.0376,0.078,0.071,0.2122,,4,0,0.2519,male
3171166989,261,0.232,0.2038,0.5354,0,male,低,0.1181,0.0326,0.568,0.2094,,4,0,0.251,male
1714764517,9,0.2841,0.1877,0.4593,0,male,低,0.0662,0.5255,0.4045,0.1403,,4,0,0.2503,male
870750800,1,0.5739,0.162,0.4401,1,male,中,0.5029,0.3623,0.8024,0.628,,3,1,0.25,male
1395833200,308,0.1563,0.0627,0.1595,0,male,低,0.0683,0.2278,0.2016,0.1276,,4,0,0.2482,male
664387673,8,0.1273,0.1075,0.2645,0,male,低,0.0515,0.0447,0.1037,0.3092,,4,0,0.2455,male
2098036275,52,0.1165,0.0502,0.1345,0,male,低,0.0371,0.1438,0.1715,0.1134,,4,0,0.2432,male
2441689447,4,0.6382,0.1138,0.2707,2,male,高,0.5097,0.7179,0.5447,0.7804,,2,2,0.2425,male
2903913328,29,0.1874,0.0671,0.1682,0,male,低,0.0887,0.2569,0.2408,0.1632,,4,0,0.2413,male
3154165894,12,0.335,0.3052,0.7526,0,male,低,0.0772,0.0329,0.4445,0.7855,,4,0,0.2408,male
313668063,1,0.3574,0.2422,0.5415,0,male,低,0.0644,0.5872,0.6059,0.1722,,4,0,0.2405,male
3212471492,1,0.2826,0.1947,0.4238,0,male,低,0.0579,0.4703,0.4817,0.1207,,4,0,0.2394,male
1359074722,46,0.5139,0.0633,0.1714,1,male,中,0.4114,0.5828,0.5197,0.5416,,3,1,0.2385,male
2639443801,1,0.2744,0.2238,0.5602,0,male,低,0.0927,0.1275,0.2244,0.6529,,4,0,0.2382,male
1744316083,240,0.3312,0.2323,0.5773,0,male,低,0.1504,0.1865,0.7277,0.2601,,4,0,0.2381,male
3273142441,176,0.2842,0.1941,0.4806,0,male,低,0.0914,0.351,0.572,0.1223,,4,0,0.2374,male
3569897016,6,0.5122,0.329,0.8716,3,male,高,0.1005,0.6475,0.9721,0.3286,,3,1,0.2364,female
3542441640,219,0.2421,0.1593,0.3536,0,male,低,0.052,0.4056,0.3937,0.117,,4,0,0.2347,male
2259881867,4,0.8477,0.0636,0.1608,1,male,中,0.7415,0.9023,0.8909,0.856,,1,3,0.2323,female
1919616377,13,0.4143,0.2498,0.624,1,male,中,0.2319,0.1211,0.5592,0.7451,,3,1,0.2318,male
0,21,0.5977,0.1649,0.3748,2,male,高,0.3906,0.7533,0.4815,0.7653,,2,2,0.2302,male
1733965813,1,0.1781,0.1669,0.4064,0,male,低,0.0535,0.0532,0.4596,0.1462,,4,0,0.2299,male
3201374145,4,0.62,0.1884,0.4408,1,male,中,0.5003,0.3739,0.791,0.8146,,3,1,0.229,male
1124951894,1,0.1385,0.1237,0.3108,0,male,低,0.04,0.0171,0.3278,0.1691,,4,0,0.2249,male
3080136233,23,0.3521,0.2474,0.6018,0,male,低,0.1688,0.0562,0.658,0.5256,,4,0,0.2243,male
332989890,1,0.5306,0.2595,0.6152,2,male,高,0.1802,0.7953,0.7641,0.3827,,2,2,0.2236,male
2628586199,13,0.6824,0.0761,0.182,1,male,中,0.5869,0.6297,0.7689,0.7438,,3,1,0.2221,male
3109194831,3,0.8266,0.1167,0.3009,3,female,高,0.6708,0.8995,0.7644,0.9717,,1,3,0.2216,male
1292429571,2,0.6136,0.2563,0.5995,2,male,高,0.4156,0.3081,0.9076,0.8231,,2,2,0.2214,female
1453845931,16,0.5671,0.1755,0.4469,1,male,中,0.4098,0.4468,0.5553,0.8567,,3,1,0.2188,male
3075342269,22,0.2125,0.1256,0.3189,0,male,低,0.0925,0.1181,0.4114,0.2278,,4,0,0.2144,male
1690566527,139,0.6138,0.3025,0.67,2,female,高,0.3289,0.2991,0.8581,0.9691,,2,2,0.2111,male
2206993556,3,0.6759,0.1301,0.3076,1,male,中,0.5558,0.5484,0.8559,0.7436,,3,1,0.2104,male
1053113173,113,0.3402,0.1425,0.3485,0,male,低,0.142,0.4594,0.4906,0.2689,,4,0,0.2079,male
2938388734,5,0.479,0.2498,0.6775,1,male,中,0.2096,0.3882,0.8871,0.4313,,3,1,0.1981,male
2581570459,17,0.691,0.1915,0.3953,2,female,高,0.5052,0.494,0.8893,0.8757,,2,2,0.1869,male
3469950794,1,0.5367,0.3263,0.917,1,female,中,0.0595,0.5996,0.5111,0.9766,,3,1,0.1727,male
3144325150,9,0.269,0.1366,0.3806,0,male,低,0.0686,0.249,0.3091,0.4492,,4,0,0.1715,male
3211171486,1,0.5822,0.1846,0.5195,1,male,中,0.3383,0.5809,0.8578,0.5521,,3,1,0.1706,male
2275091518,76,0.7489,0.1967,0.4963,3,female,高,0.4404,0.9015,0.7171,0.9367,,1,3,0.1684,male
1956572232,7,0.6798,0.2034,0.4695,2,female,高,0.4417,0.5172,0.8493,0.9112,,2,2,0.1579,male
2220932119,3,0.7314,0.1649,0.4371,1,male,中,0.461,0.8181,0.8981,0.7483,,1,3,0.1487,female
2016648097,1,0.5912,0.2617,0.7353,2,female,高,0.2262,0.5458,0.6314,0.9614,,2,2,0.1419,male
1372648150,61,0.4121,0.2168,0.5868,0,male,低,0.119,0.3226,0.5007,0.7059,,4,0,0.138,male
2371846523,2,0.7436,0.3763,0.8897,1,female,中,0.0924,0.937,0.963,0.9821,,1,3,0.1193,female
648593159,3,0.6823,0.2105,0.5185,2,male,高,0.3763,0.5984,0.8948,0.8597,,2,2,0.1056,female
997725316,39,0.612,0.3375,0.8197,2,female,高,0.1051,0.5066,0.9113,0.9248,,2,2,0.0927,female
253686882,2,0.743,0.3232,0.7891,0,female,低,0.1855,0.8925,0.9193,0.9746,,0,4,0.0768,female
1717582,331,0.7725,0.2686,0.6535,0,female,低,0.3102,0.881,0.9352,0.9637,female,0,4,0.0532,female
